user_id,text,timestamp,likes,replies
@JuveMoya,"No sÃ©, pero creo que si gana, Kast nos va a llevar a un nuevo estallido social!",2025-11-24T23:42:52Z,0,0
@pannik_lucas,Alguien me puede dar el minuto en el que se habla de vasectomÃ­as,2025-11-18T07:51:34Z,0,0
@Cristianmancillab,"Franco di lo tuyo:
Con parisi presidente pdg en el parlamento
meditocrÃ¡tico",2025-11-17T21:08:29Z,0,0
@noevelasco22,fuerza profe artes!!!,2025-11-16T20:55:57Z,0,0
@michaelescobar7743,Te paseo,2025-11-16T18:55:27Z,0,0
@zorrogrism,De donde han sacado a Parisi ğŸ˜‚,2025-11-16T18:44:01Z,0,0
@zorrogrism,que ridiculo pedir proponer nombres para ministro de seguridad tan temprano,2025-11-16T18:23:30Z,0,0
@pslazcano,Hola,2025-11-16T17:11:24Z,0,0
@VictoriaHernandez-lh7gw,Pongan un reclame mÃ¡s po hn,2025-11-16T13:42:58Z,0,0
@benjamingarrido4505,PadrisiğŸ˜,2025-11-16T05:50:33Z,2,0
@NatalyBaeza-q3s,"El Harold es super relajado, me aburre jajajaja hay que sacarle las respuestas con tirabuzÃ³n kajajaja",2025-11-16T04:02:20Z,0,0
@FernandaVasquez-k9i,Aqui le dicen chantisi? A mi presi?,2025-11-16T02:27:34Z,0,0
@LorenaBarrera-gq4on,"PÃ©simo debate, partiendo por los periodistas.",2025-11-16T01:48:57Z,0,0
@AndreaCuellar-d3r,Es mÃ¡s creÃ­ble Krammer!! ğŸ˜…,2025-11-16T01:48:08Z,0,0
@cristianyhadesito,"Y Allende no mato a nadie ,alguien se a preguntado si realmente desparecieron en el rÃ©gimen militar ,por quÃ© si ubiese Sido dictadura ,aÃºn estarÃ­amos en ella, sin embargo pinocho se saliÃ³ cuando lo votaron no y dejÃ³ el paÃ­s bien parado mejor que como estaba ,sino pregÃºnteles a sus abuelos",2025-11-16T01:36:05Z,0,0
@karinavasquez8664,Amo a MeoğŸ’›,2025-11-15T23:37:52Z,0,0
@yeolshi,FRACA,2025-11-15T21:58:03Z,0,0
@elisabethovallemoena6129,Que risa Parisiâ€¦ porque Artes nos es nadaâ€¦,2025-11-15T21:43:51Z,1,0
@paolocataldo3372,donde dice profesor chantisii?,2025-11-15T21:16:09Z,0,0
@leonelburgos7742,Si la candidata Jara no fuese relacionada con la palabra comunista ganarÃ­a por paliza y en primera vuelta,2025-11-15T21:14:39Z,0,0
@Sarz7cvx,MaÃ±ana es la votaciÃ³n y si de verdad quieren un cambio positivo en el paÃ­s. Voten por Parisi.,2025-11-15T20:42:22Z,3,0
@rodrigosepulveda4559,"Parisi quiere sacar a la policÃ­a marÃ­tima para solo cubrir 8 kilomentros???? se habrÃ¡ equivocado, nuestro litoral es de 4.300 kilometros",2025-11-15T19:59:13Z,1,1
@jocisro,Con $700.000 y usted con cuanto vive seÃ±ora Jara ??,2025-11-15T19:34:07Z,1,0
@jocisro,Que diferente se ve una periodista en un debate serio y no comentando farÃ¡ndula .,2025-11-15T18:48:15Z,0,0
@Freddy-m8e5k,"El chileno cotiza toda la vida , se llaman impuestos! Nosotros, la mano de obra , jamÃ¡s nos vamos a terminar . Pensiones retroactivas . Yo trabajo , tÃº jubila. Yo jubilÃ³ tÃº trabaja. Nadie se quiere meter con el chanchito de alcancÃ­a que son las AFP para bancos y riteils . Se le a faltado el respeto a nuestra 3RA edad desde siempre! Pensiones dignas . Arreglenselas o no quieran dirigir un paÃ­s .",2025-11-15T17:12:07Z,0,0
@Raxnema,Gente por quien van y cuÃ¡les son sus fundamentos? gracias :D,2025-11-15T16:30:27Z,0,0
@sweetiecloud444,JARA PRESIDENTAğŸ‡¨ğŸ‡±â¤,2025-11-15T15:49:44Z,2,0
@anyfernandez3924,"KAYSER, EXCEPCIONAL POR LEJOS ğŸ‘ğŸ‘ğŸ‘",2025-11-15T15:26:44Z,1,0
@kirkepatagonico,"Por la cantidad de comerciales, es por lo que hay que dejar de ver esta app!!!",2025-11-15T15:21:52Z,2,0
@MariaSolRecalde,AsÃ­ que no jueguen con la estabilidad e integridad de un territorio hermano maravilloso increÃ­ble Ãºnico cÃ³mo es Chile si quieren apostar existen lugares estratÃ©gicos claves para que lo puedan hacer pero cuando se trata de la estabilidad de un PaÃ­s con una educaciÃ³n con excelencia es mejor evitar los excesos Ã©sto es como una adicciÃ³n una dependencia que no tiene regreso la ludopatÃ­a o apuesta escudados en video juegos en todo no es conveniente en una sociedad buena jamÃ¡s ğŸ˜¡â˜ğŸ»,2025-11-15T13:20:34Z,1,1
@MariaSolRecalde,Y otro tema que trataron la ludopatÃ­a un tema muy sensible y delicado controversial una enfermedad invisible que entra de una manera clandestina como algo informativo en casinos donde entra la apuesta dÃ³nde entra capital lÃ­quido y gente dispuesta a matar si no cumples tÃº acuerdo dÃ³nde en un PaÃ­s con incertidumbre e inseguridad inestabilidad emergencia serÃ­a una arma letal para su seguridad existe no sÃ³lo en redes sociales en retos en el deporte etc etc etc etc donde se torna incontrolable entonces preguntar aquello es inconveniente dÃ³nde se apuesta hasta su trasero a su madre vienes materiales y cuando no tienen dinero ğŸ¤‘ğŸ¤‘ chueco entonces cuando un gobierno propone aquello es porque el estÃ¡ alineado al trago al vicio y el juego y por plata puede apostar hasta su trasero su PaÃ­s etc etc etc etc,2025-11-15T13:13:39Z,4,0
@MariaSolRecalde,Cuando un PaÃ­s entra en todo lo que dicen que hoy tiene Chile no es el tren de Aragua ni el NarcotrÃ¡fico ni el terrorismo es Ãºnicamente que cuando existe un gobierno ausente y gobiernos ineptos anteriores que no pusieron las reglas claras y eso no quiere decir que pactes con nadie sino poner las cosas claras y respetar el espacio de cada uno mientras no se toque a poblaciÃ³n cuando existen situaciones de incertidumbre e intranquilidad inseguridad inestabilidad emergencia es justamente por eso son gobiernos que estÃ¡n preocupados de todo lo externo menos de lo interno y dejan un PaÃ­s en vulnerabilidad y en Ã©se momento entra el desorden pero cuando tengan un gobierno que sea a tiempo completo me cuentan ğŸ”•ğŸ˜¡â˜ğŸ»,2025-11-15T13:02:53Z,1,0
@franciscovalenzuela1734,"Mayne -nicholls y artÃ©s  estÃ¡n sobrando , uno espera como chileno mano dura con los delincuentes  ..",2025-11-15T12:35:34Z,1,1
@MariaSolRecalde,Que tristeza ğŸ˜” que tristeza cuÃ¡nto daÃ±o tiene el ser humano es como que los periodistas y moderadores estarÃ­an mÃ¡s al tanto de la realidad de las problemÃ¡ticas internas y externas sus preguntas muy bien estructuradas ğŸ‘ğŸ»ğŸ‘ğŸ» les dieron como a holgazÃ¡n ğŸ‘ğŸ» ğŸ’¯ ğŸ’ y los famosos presidenciales para lo Ãºnico que llegarÃ­an es a cuestionar son tan injustos con Venezuela un territorio hermano que gracias a sanciones y bloqueos y restricciones extremas tiene un retroceso total ğŸ˜¡ â˜ğŸ» odian tanto a la dictadura lo cual es un atrevimiento y desequilibrio mental de esta mujer sobretodo querÃ­a dar balazos muerte que te crees ser humano sin respeto a la vida ğŸ˜¡ğŸ¤¨â˜ğŸ»ğŸ˜”al cuestionar a quien es un territorio hermano en vulnerabilidad justamente gracias a todos ustedes los que no respetan y odian tanto en vez de unir fuerzas para lograr ayudar son una vergÃ¼enza total ğŸ˜¡ â˜ğŸ» unidos al iluminado y elegido del destino manifiesto ğŸ˜‚ğŸ˜‚ cucu ğŸ˜¡â˜ğŸ»tomando el nombre de Dios para entrar a invadir matar ustedes no tienen perdÃ³n de Dios ğŸ˜¡â˜ğŸ»y los periodistas les preguntan si estÃ¡n de acuerdo con la invasiÃ³n a Venezuela y con excepciÃ³n de la Presidenta Jara ğŸ‘ğŸ»ğŸ’¯  que fue respetuosa con su criterio propio e ideologÃ­a y dijo no estar de acuerdo con un rÃ©gimen pero jamÃ¡s de acuerdo con una invasiÃ³n a ningÃºn territorio hermano ğŸ‘ğŸ»ğŸ‘ğŸ»ğŸ’¯ğŸ’â¤ï¸ğŸ˜¡â˜ğŸ»y el admirador que jamÃ¡s estaba de acuerdo con la invasiÃ³n sÃ³n una que otra luz sin argumentos pero no anormales desalmados ğŸ¤”ğŸ¤”que en definitiva era justo el que se asombro de todoğŸ¤£ğŸ¤£ğŸ¤¨ğŸ¤¨ pero se asombro de tanta atropello e inteligencia ğŸ˜‚ğŸ˜‚ y un Kast o Kats ğŸ˜‚ que no contestÃ³ nada el estaba totalmente sesgado al mismo odio enfermiso pero sin saber nada pausa total ğŸ˜‚ğŸ˜‚ y Ã©sa mujerğŸ’© que dijo que no tenÃ­a Alzheimer pero su problema no fue Ã©se realmente fue peor terrible escuchar en una mujer Ã©se odio enfermiso polÃ­tico en contra de un territorio hermano en vulnerabilidad y en contra de todo que lastima de mujer tienes un problema muy grande existencial ğŸ¤¨ğŸ¤¨ en contra de Venezuela que todo su retroceso total ğŸ¤¨ğŸ¤¨ğŸ˜”ğŸ˜” no es gracias a ChÃ¡vez ni a Maduro es gracias a las sanciones y bloqueos y restricciones extremas que tienen en contra de Venezuela escudados en el odio enfermiso al dictador ğŸ˜¡â˜ğŸ»pero se nota que lo que les apesta a estÃ¡ gente es la vida misma de los seres humanos es gracias a ChÃ¡vez y Maduro que el PaÃ­s todavÃ­a tiene su riqueza intacta jamÃ¡s lograron meter una pata ningÃºn yankee para colonizar Venezuela Nicaragua y Cuba Palestina y Gaza IrÃ¡n y todos los territorios hermanos ğŸ˜¡â˜ğŸ»ğŸ¤¨les encantarÃ­a pues no se puede es territorio hermano ajenoğŸ˜¡â˜ğŸ» y nadie tiene el derecho de intervenir como delincuentes terroristas en ningÃºn territorio hermano Ã©so no les gustarÃ­a a ninguno de ustedes en sus territorios ğŸ˜¡â˜ğŸ»,2025-11-15T12:11:22Z,1,0
@enif2D,No soy lesbiana pero ptaque esta wena la Soledad O. ğŸ˜‚â¤,2025-11-15T10:31:56Z,0,0
@official_martindelrey,Ok,2025-11-15T03:54:32Z,0,0
@adelaidaarancibiaramirez4764,Vamos Kaiser ğŸ‘ğŸ¼ğŸ‘ğŸ¼ğŸ‘ğŸ¼,2025-11-14T17:19:09Z,1,0
@elfrugal,3:02:41 dice â€œlosotrosâ€ el profe ğŸ˜‚ se me cayÃ³ ahÃ­,2025-11-14T15:33:44Z,5,0
@diegomarindiaz-v9z,"DeberÃ­an hacer un resumen de las propuestas de cada candidato con respecto a: 
1.- Salud y bienestar 
2.- EducaciÃ³n 
3.- incorporaciÃ³n de oportunidades laborales (sueldos y horas trabajadas)
4.- incorporaciÃ³n de Ã¡reas verdes y centros de actividad fÃ­sica 
5.- postulaciÃ³n a viviendas 

Porque 4 horas prefiero escuchar a Brian Tracy o al Dr. Manuel Sanz Segara o ir a hacer deporte ğŸŒğŸ˜Ÿ",2025-11-14T12:03:59Z,0,1
@nicolasurrutiaquezada3937,FRANCO PARISI ğŸ‡¨ğŸ‡±,2025-11-14T07:44:11Z,1,0
@EnzoEfe1,1:22:48 gracias personificaciÃ³n del bostezo. Disfruta los 3 votos,2025-11-14T03:56:55Z,0,0
@EnzoEfe1,33:38 Nor Virden,2025-11-14T02:59:40Z,0,0
@CristianEscarate-ny3zp,Yo no acostumbro a ver estÃ¡s cosas porque no creo. Pero hoy me dÃ­ el gusto de oir y analizar.para ver cÃ³mo estÃ¡ el CircoğŸ˜‚,2025-11-14T02:06:31Z,2,0
@CristianEscarate-ny3zp,"Si les dijera mi completo parecer ,me perjudicarÃ­a .AsÃ­ que voy a darles mi opiniÃ³n diluida versiÃ³n Lite .Solo voy a plantear una utiopia si reuniÃ©ramos cada buena idea de cada uno mÃ¡s un sistema que no permita corrupciÃ³n tendrÃ­amos el  candidato ideal .Lamentablemente por mÃ¡s intachable que fuera uno de estos seÃ±ores el sistema no le permitirÃ¡ aplicar lo planteado en el caso que sea todo genuino y una persona comÃºn como yo solo vale como un voto nada mÃ¡s en esta instancia,Sinceramente eligire al menos malo segÃºn mi criterio .Pues estÃ¡ es la instancia que tÃº voto Vale por igual norma de la democracia .Aunque solo es uno osea casi nada ,Pero si UD no vota,o vota nulo UD en la realidad no hace nada osea no puede exigir ni esperar cambios .",2025-11-14T01:54:55Z,0,0
@offonoffonoffonoff,Profesor Chantisi,2025-11-14T01:25:21Z,0,0
@offonoffonoffonoff,caballero hace lo suyo y se retira,2025-11-14T01:23:00Z,0,0
@nicolgaete9068,Ta weno el realityğŸ˜‚,2025-11-14T01:22:37Z,2,0
@Tumaimafbcvx.123,Se viene harold vs jara,2025-11-14T00:50:39Z,0,0
@kshaossohask9674,Hay cosas que paradas duran mucho tiempo. Harold Mayne Nicholls 2025,2025-11-14T00:01:42Z,0,0
@chikitaIntl,"Quede peor q antes jajajaja no hay nadie digno en ese grupo, votaremos al menos malo no mas...",2025-11-13T21:32:37Z,3,1
@VichooVfx,"Me da pena el Maine Nichols. es un hombre sereno y honesto. pero le falta caracter, es muy lÃ¡nguido y parece no posicionarse con una postura, y eso se ve en sus propuestas utopicas",2025-11-13T20:18:01Z,0,0
@geraldains,"A pesar de que hay harta energÃ­a en el norte, tambiÃ©n es cara la ""luz"". El canal de conexiÃ³n no es el problema",2025-11-13T18:45:42Z,0,0
@rafaelamiraudamarks4038,"habla de cuestionar indultar a ""viejitos"" violadores de niÃ±os por ser contrario a tratados internacionales y ser un peligro para la sociedad, pero no se cuestiona que indultar a violadores de derechos humanos por las mismas razones.... sobre ideologizado y contradictorio. Los candidatos de derecha o centro derecha como se quieran denominar si que son un peligro para esta sociedad",2025-11-13T17:40:47Z,0,0
@pazandreaherreraminder2410,"Candidata jara, REDUCIENDO LA INFLACION???, metamosno al banco central, veamos los graficos y el nivel del pib en que vamos, de verdad es normal en nivel de inflacion en 4 aÃ±os estar llegando al 5%, cuando lo normal es hasta el 3%",2025-11-13T17:31:22Z,1,0
@ChuckPalomo,"No se por que tildan a Jara de ser blanda con el crimen, cuando es la unica que propone un plan realista para combatir al crimen organizado, que es siguiendo el rastro de dinero para dar con las organizaciones e individuos que financian y coordinan a las bandas criminales, el trafico humano en la frontera, y que ademas poseen el capital politico para sobornar o amenazar oficiales de alto rango. Un operativo como el de Rio solo es efectivo cuando sirve un proposito estrategico, y no es un show de publicidad para la re-eleccion alcalde. Al dia siguiente de la operacion las fuerzas del BOPE ya se habian replegado, y el Comando Vermelho retomo el control del cerro como si nada hubiese pasado. Â¿De que wea sirve matar 100 peones si todos los dias llegan miles de inmigrantes  empobrecidos listos para tomar su lugar? es como subirte al ring con las manos atadas.",2025-11-13T17:13:34Z,0,0
@barbaravalenzuela9464,KÃ¡iser Presidente 2026!!! Por lejos el mejor para nuestro paÃ­s,2025-11-13T16:52:04Z,2,0
@jorgezarate3401,Los MAKAKA estÃ¡n drogados?,2025-11-13T16:37:40Z,0,0
@alejandromorales-p2c,"Candidata, Â¿quÃ© harÃ­a usted para mejorar la salud de los chilenos?

Jara: hay que levantar el secreto bancario, hay que levantar el secreto bancario, hay que levantar el secreto bancario, hay que levantar el secreto bancario.

De verdad, es lo Ãºnico que sabe esa mujer. Un monotema brutal.",2025-11-13T16:27:06Z,1,0
@marleneavila275,"No hablaron  de la crisis ambiental,hay uno se da cuenta que no es importante para el paÃ­s.",2025-11-13T16:21:47Z,4,0
@marcocadas9643,2:34:40 Parisi dice LEL,2025-11-13T15:55:33Z,0,0
@lidiacortez5443,JosÃ© Antonio kas,2025-11-13T15:45:26Z,0,0
@Ä«0redan,02:14:30,2025-11-13T13:22:21Z,1,1
@AndresGuillermoHachivuryTercer,Lejos el mejor es franco Parisi el mejor preparado propuestas buenas y el Ãºnico que estÃ¡ preparado educacional mente preparado todo el resto son unos payasos,2025-11-13T12:23:23Z,4,0
@cesarcarrasco77,Jajajajaj estÃ¡ wea parece un circo ğŸª,2025-11-13T11:54:35Z,1,0
@valentinaarriagada5860,CuÃ¡ndo hay que pedir receta mÃ©dica para pastillas anticonceptivas? ParisiğŸ˜…,2025-11-13T11:20:23Z,2,0
@h2h1jxan,los candidatos respondiendo lo que quieren atacandose entre ellos Ã± periodistas esbozando sonrisas ironicas mientras entrevista es todo un circo desde los periodistas hasta los candidatos,2025-11-13T11:18:48Z,3,0
@nicolevanbaal4988,Kaiser sorprendido cuand Matamala le dice que pasa con la gente que no puede ahorar 12.000 pesos al mes para la PGU patrimonial que propone con cotizaciÃ³n en su programa.. Claramente no conoce la realidad de miles de personas en Chile cuando piensa que todos pueden ahorrar como Ã©l.,2025-11-13T11:00:12Z,4,0
@Basthi4N,"36 pacos pa cada wn, increible xd",2025-11-13T10:22:53Z,2,0
@ceciliadiazvonmarees9984,"Ominami..la derecha dura, la derecha dura, mediocre. Los Ãºnicos serios son: Kast, Mattei y Kaiser. Los demÃ¡s son charlatanes y hablan puras leseras, esa es la realidad!",2025-11-13T06:19:42Z,2,0
@sebafica5991,Que manera de preguntar estupideces soledad Oneto,2025-11-13T05:09:32Z,0,0
@MrMaveric789,El capitalismo introduce inseguridad para vender estabilidad (Bauman).,2025-11-13T05:07:57Z,0,0
@rfv694,A kast no le interesa el paÃ­s estÃ¡ obsesionado con boric,2025-11-13T03:58:23Z,1,0
@EnzoEfe1,"11:45 a ver, te leo la carta por vigÃ©sima quinta vezâ€¦aquellos que cotizanâ€¦",2025-11-13T03:32:15Z,1,0
@ceciliadiazvonmarees9984,Kast  el mejooor!!!,2025-11-13T03:19:02Z,0,0
@ceciliadiazvonmarees9984,"Kast, solido, preciso y conciso. Kast presidente  de Chile!!!",2025-11-13T02:56:17Z,0,0
@opsye958,"00:11:00 Inicio
00:12:30 Seguridad
00:35:00 Derecho a RÃ©plica Seguridad
00:41:00 PolÃ­ticas Sociales
1:02:54 Derecho a rÃ©plica PolÃ­ticas Sociales
1:16:50 Preguntas Directas
1:40:30 EconomÃ­a
2:06:25 IA Sector polÃ­tico que representa
2:08:15 Gobernabilidad: - Derechos Humanos
2:18:00 - Mega Toma de San Antonio Orden judicial VS niÃ±os viviendo ahÃ­, ""Soluciones"".
2:24:45 - HipÃ³tesis Sobre InvasiÃ³n en Venezuela
2:28:45 - SituaciÃ³n en Temucuicui
2:31:00 Derecho a rÃ©plica en relaciÃ³n a todos los temas anteriores
2:44:20 Segunda Ronda de preguntas directas
3:00:00 Discurso Final al PaÃ­s
3:09:50 Fin 

Mucho Ã‰xito a La o El Mejor Candidato a la Presidencia.
â¤ğŸ",2025-11-13T02:54:59Z,28,0
@kratobal6,Cumplo 85 XDDDD,2025-11-13T02:10:32Z,1,0
@LuisTapia-mi3hd,Vamos kast crack crack,2025-11-13T02:00:42Z,0,0
@Tumaimafbcvx.123,No mas afp,2025-11-13T01:52:56Z,0,0
@Tumaimafbcvx.123,No mas afp,2025-11-13T01:45:31Z,0,0
@Tumaimafbcvx.123,No mas afp,2025-11-13T01:45:15Z,0,0
@jorgebarrales2325,Porque serÃ¡ que en china lo usa de ejemplo,2025-11-13T01:33:13Z,1,0
@Tommy-hb3oo,Afortunadamente Johannes Kaiser ğŸ‡¨ğŸ‡±ğŸ—½ serÃ¡ nuestro Gran Presidente. Por fin Chile ğŸ‡¨ğŸ‡± y los Chilenos decentes e inteligente ğŸ§  Tendremos un Tremendo y Gran Presidente Johannes Kaiser ğŸ¤ğŸ’™â™¥ï¸ğŸ‡¨ğŸ‡±ğŸ—½,2025-11-13T00:22:43Z,1,0
@elsaherrera7205,"Todos tienen cosas buenas y malas, por mÃ¡s que ellos digan lo que quieran hacer con el paÃ­s, todo tomara tiempo, como chilenos tenemos que tener paciencia, porque todo se hace con plata, y la plata no nace de los Ã¡rboles, entonces hay que entender lo complicado que es y mucho mÃ¡s arreglar un paÃ­s. A cualquiera que Votemos, no arreglara al paÃ­s tan rÃ¡pido. Solo hay que esperar y tener fe por el futuro de chile",2025-11-12T23:38:47Z,5,0
@elsaherrera7205,"Que importa que parisi diga donde trabajaba antes ? No es nada importante, porque no le hicieron preguntas verdaderamente importantes como cosas del paÃ­s",2025-11-12T23:34:34Z,2,1
@Melianacl,Kaiser el mejor!,2025-11-12T23:20:14Z,0,0
@palmagomez2035,"Dada la cantidad de espacios publicitarios, me tome la libertad de seccionar los bloques del debate para que puedan saltarse fÃ¡cilmente los comerciales.

0:00 Dinamica del debate y presentaciÃ³n de candidatos
4:03 Inicio de comerciales

11:37 Comienzo del programa y breves aclaraciones


12:05 Comienzo Primer bloque
1:08:20 Fin primer bloque y comienzo de comerciales

1:15:40 Comienzo segundo bloque
1:32:43 Fin Segundo bloque y comienzo de comerciales

1:40:00 Comienzo tercer bloque
2:36:50 Fin del tercer bloque y comienzo de comerciales

2:44:10 Comienzo Cuarto bloque
3:11:22 Cierre del debate",2025-11-12T22:01:48Z,13,1
@jazminelizabethsosperrey3221,Kaiserâ¤,2025-11-12T21:44:06Z,0,0
@alquimiasonica6881,"Vi todo el debate Jara repitiÃ³ 2 veces el tema del levantamiento del secreto bancario, estÃ¡ ansiosa de sacarle plata a la gente",2025-11-12T21:34:18Z,1,0
@alejandroleon5722,se paso kramer!!!! me rei mucho,2025-11-12T21:14:55Z,0,0
@Osito-o4d,Voto 1 Parisi sin dudarlo,2025-11-12T20:48:53Z,5,0
@jonhaali4601,cualquier opciones es mejor que algun comunista ladron y mitamo(a),2025-11-12T20:47:15Z,1,0
@guarimana,PARISI PRESIDENTEğŸ‰,2025-11-12T20:30:25Z,2,0
@barbarabarrientos6187,Pero jara no tiene argumentos x dios,2025-11-12T19:52:23Z,1,0
@VichooVfx,"Me gusta la honestidad genuina de Harold. pero siento que se preocupa de puras weas innecesarias o que no vienen al tema. Ã³sea sÃ­ quieres combatir delincuencia, que es eso de colocarle juegos a los pelagatos de 17-18 aÃ±os que andan robando, vendiendo droga. osea dale po, vamo a invitar a un narco a jugar basket a ver si estÃ¡ dispuesto a cambiar su vida. el problema es mucho mÃ¡s magno y denso y no se resuelve asÃ­ atacando desde diferentes capas. vas a la raÃ­z y la vdd es que los poderosos son los que generan gente que decide irse en contra para poder tener una vida de lujos igual como ellos tienen.",2025-11-12T18:55:53Z,6,0
@VichooVfx,Las mismas preguntas de siempre. los periodistas coludidos y vendidos por las cadenas de TV con tendencias politicas. Queman el mismo tema y ejes de contingencia en vez de hacer preguntas mÃ¡s polÃ©micas y personales a los perfiles de cada candidato. pero sabemos que como ellos tambiÃ©n temen perder la vida o su trabajo. prefieren seguir con el show,2025-11-12T18:50:58Z,0,0
@Carlospkx,"Inteligencia , reincercion , y blabla la.......pero el se fue a las manos de una .....un hombre consecuente mainetaison",2025-11-12T18:34:13Z,0,1
@lucassant2907,Kayser presidente!!,2025-11-12T17:53:41Z,0,0
@caviardelauc,Objetivamente parisi la mejor opciÃ³n,2025-11-12T16:04:08Z,2,0
@nihiliduccion9058,"KAISER cuando habla actua de manera diferente, es muy pauteado",2025-11-12T15:25:50Z,0,0
@MarcoBE91,Wow el cierre de Kayser ğŸ”¥,2025-11-12T15:12:06Z,0,0
@AlejandroGonzalez-yo8nk,Artes hablando del golpe? que raro....,2025-11-12T14:54:54Z,0,0
@gretakoch200,"Kast tiene sueÃ±os hÃºmedos con el Presidente Boric ğŸ˜‚, obsesiÃ³n,obsesiÃ³n!!",2025-11-12T14:35:51Z,0,0
@rebelsquatch7107,Grande TVN,2025-11-12T14:08:36Z,0,0
@cantaria99,es mi idea o ese pisco republicano es una publicidad media maliciosa. donde esta el pÃ¡jaro verde partido comunista?,2025-11-12T13:26:10Z,0,0
@juanfranciscovelasco816,"Acabo de reparar en un detalle que nadie advirtiÃ³, que â€œJaraâ€ si inviertes las dos sÃ­labas, dice RAJA!! Para eso sirve, sÃ³lo para producir caca ğŸ’©",2025-11-12T13:03:57Z,0,2
@arielinzulza2584,"Con Ã©ste debate voy por Franco, la tiene clarita...hace falta un sistema econÃ³mico bueno para chile, y el Ãºnico puede ser, es franco Parisi.",2025-11-12T13:02:16Z,2,0
@felipenicolassalinasvalenz4680,Era idea mÃ­a o le soplaron todo a la jara?? Primero le mandaron mensajes al reloj y lo anoto y despuÃ©s le hablaron por el audÃ­fono...,2025-11-12T13:01:15Z,0,0
@paulabarrera2356,Solo uno respondiÃ³ directamente a la pregunta.,2025-11-12T12:46:14Z,0,0
@juanfranciscovelasco816,"Me encanta ese casi 10.0 a la derecha de Kaiser 4K, si a mi me preguntaran, dirÃ­a que soy 10 elevado a 2",2025-11-12T12:45:43Z,2,0
@juanfranciscovelasco816,JOHANNES KAISER ES LA ULTIMA OPORTUNIDAD DE SALVAR CHILE DEL DESASTRE Y TERMINAR CON ESTA LEVA! GO GO Kaiser!!,2025-11-12T12:43:26Z,1,0
@DeviYo-Observo,"Jara muy popular la misma postura de Boric a la gente le vamos a dar todo, kast evade preguntas y responde a su convenencia, kaiser y Parisi balas para todos jaja. La Ãºnica que habla mÃ¡s de cifras, cuenta como lo va hacer siendo Neutral y sabe de lo que habla Mathei.",2025-11-12T12:31:43Z,0,0
@fernandoluna831,Kast presidente,2025-11-12T12:28:56Z,1,0
@matiasmunoz9499,2:43:00,2025-11-12T11:21:05Z,0,0
@cristobal009,"Por favor ponganse serios CHV. EL VIDEO PARA CADA 5 minutos con publicidades. Son realmente importante cuando uno quiere ver y entender lo que psa con nuestros candidatos presidenciales???

Un poco de respeto a este proceso por favor",2025-11-12T10:58:25Z,4,1
@miguelbustamanteortega9774,PARISI 2026 ğŸ‡¨ğŸ‡±,2025-11-12T10:46:18Z,1,0
@JorgeElizondoA.,"que lata, aÃºn no me representa ninguno.",2025-11-12T10:21:13Z,3,0
@patya4868,Horrible que colocaran comerciales interrumpiendo el debate. Den las cuando termine   ğŸ¤¬,2025-11-12T10:04:51Z,1,0
@belformirandapardo,"Kast me gustaba mÃ¡s por su mano dura con la delincuencia, mÃ¡s allÃ¡ de todas las necesidades del paÃ­s, creo que primordial es la seguridad como base, el hecho de que tenga paraÃ­sos fiscales siento que no estÃ¡ bien para ser presidente aunque sea legÃ­timo. Kaiser sin embargo es mÃ¡s duro aÃºn, y se desmarca de todos los postulantes, tiene sus ""manos limpias"" y no cambia su discurso, siento que es lo que chile necesita mÃ¡s allÃ¡ del color polÃ­tico, hay gente que solamente vota por el cesgo polÃ­tico. Creo que si hubiera un candidato de izquierda en algÃºn momento que me representase, le darÃ­a mi voto, no tendrÃ­a problema, pero hace tiempo que la izquierda no tiene a alguien serio postulando. Hoy mi voto es Kaiser.",2025-11-12T08:42:05Z,0,0
@jyefi,"03:36:07 PorquÃ© ese mandÃ­buleo, Kast? Parece que estaba buena...",2025-11-12T07:05:56Z,0,0
@jyefi,03:46:29 Mathei lanza un Milei...,2025-11-12T06:54:27Z,0,0
@dioaray,"La cara de Parisi despues de la explicaciÃ³n de Matthei me dejo pensando, tiro un facto quÃ© Ã©l ignoraba o se equivoco en el calculo.",2025-11-12T06:01:36Z,0,0
@dioaray,"La cara de Parisi despues de la explicaciÃ³n de Matthei me dejo pensando, tiro un facto quÃ© Ã©l ignoraba o se equivoco en el calculo.",2025-11-12T06:01:21Z,2,0
@angelinealvarado303,Parisii es,2025-11-12T05:01:09Z,0,0
@Elmismisimo.123,Escuchar a Artes y Jara es perder el tiempo de una manera...,2025-11-12T04:35:19Z,1,0
@usuario077,Franco por favor No le toques el bolsillo a los politicos ğŸ¤£,2025-11-12T04:22:17Z,2,0
@katherinecabezaslecaros8350,Alguien mÃ¡s cree que Kaiser tiene el fetiche de disfrazarse y hablar como guagua? QuÃ© personaje mÃ¡s patÃ©ticoâ€¦ ğŸ˜‚,2025-11-12T03:39:06Z,2,0
@la_mancha_roja,Kaiser dandole la flor a matteiâ¤,2025-11-12T03:20:51Z,0,0
@austriaeneconomy,Horrible la estructura del debate,2025-11-12T03:19:42Z,0,0
@josefinastella7,alguien q me diga que significa o q idioma era lo q la evelyn matthei le dijo al kaiser cuando le regalo la flor,2025-11-12T03:17:44Z,1,1
@vmre,Kaiser presidente,2025-11-12T02:55:15Z,0,0
@miguela.maturana1913,02:41:29 - ER SUERDO,2025-11-12T02:41:57Z,0,0
@AlePuffa,1:47:21 jsjaja la cara de matei y parisi,2025-11-12T02:38:29Z,1,0
@Aunstrums,"3:55:49 hay que cerrar el estadio ğŸ˜

GRANDE JOUUU ğŸ’™",2025-11-12T02:27:37Z,0,0
@miguela.maturana1913,TAMOS CAGAOS.,2025-11-12T01:40:29Z,0,0
@TheMalaFama,2:40:48 a lo que vienen xd,2025-11-12T01:39:04Z,2,0
@PaulaTG,Que le dice Kayser a Evelyn cuando saluda???,2025-11-12T01:24:41Z,0,0
@Rheyx-t1n,"La cara de odio que ponia la julia vidal a los candidatos de derecha 

disimula un poquito fanatica!",2025-11-12T01:22:44Z,5,0
@shahinshamshiri-amirkolai1931,"Tener hijos es caro. No hay trabajo. No hay tiempo y los derechos estÃ¡n extremadamente a favor de la mujer. Tener hijos hoy en dÃ­a, si no tienes los recursos para mantenerlos, es mejor no tener. QuizÃ¡ hayan personas que digan: ""Si pero debes hacerte cargo"" Pues... operarse abajo es hacerse cargo. Tomarse la pastilla del dÃ­a despuÃ©s es hacerse cargo, y si una mujer lo decirde, abortar es hacerse cargo. No comparto la ideologÃ­a de la izquierda, porque se ha demostrado que la izquierda no sabe mantener una economÃ­a funcional y estable. Estados unidos, Inglaterra son paÃ­ses de derecha, y no interfieren en las desiciones de la ciudadanÃ­a. Esto demuestra lo atrasados que estamos a comparaciÃ³n de los paises mÃ¡s desarollados.",2025-11-12T01:20:34Z,4,0
@MireyaRamirez-r3t,Jajajaj himan desesperado ofreciendo bonos y un pie para la casa ğŸ˜‚ğŸ˜‚ğŸ˜‚ğŸ˜‚ğŸ˜‚ğŸ˜‚ğŸ˜‚,2025-11-12T00:59:08Z,0,0
@hellokoreachile,Que patua la jara... diciendo que no mientan.... y ella es la reina de los mentirosos,2025-11-12T00:53:46Z,1,0
@loretopobleteo2412,"Que sacamos con sacar a todos los militares a la calle? Piensen en que hacer para que las personas que entren a la cÃ¡rcel salgan siendo otro tipo de personas. 
que las personas que estÃ¡n encerradas mantengan su mente ocupada y no tengan que estar de ociosos. Se necesita invertir, con profesionales competentes como por ejemplo psicÃ³logos, sociÃ³logos o algo asÃ­. Y hacerlos trabajar. Pueden trabajar con ganaderÃ­a o agricultura. Y solventar alimentaciÃ³n en colegios. Y asÃ­ los niÃ±os pueden alimentarse mejor y no tengan que estar comiendo pan con dulce o un galleton todo duro, luchando con un eligir vivir sano. Y alimentÃ¡ndose pÃ©simo.",2025-11-12T00:32:55Z,2,0
@sandragutierrez4024,Estado de sitio y toque de queda,2025-11-12T00:27:23Z,2,0
@sandragutierrez4024,"La reincseciÃ³n social es inaplicable, Ã©sa gente no tiene remedio",2025-11-12T00:25:18Z,6,0
@nataliasantander-nq7xv,Perdimos tiempo escuchando a los nefastos Artes y Meo,2025-11-12T00:17:38Z,2,0
@nataliasantander-nq7xv,GanÃ³ Kaiser,2025-11-12T00:16:39Z,1,0
@matiaseduardo1211,"Kast no responde ni una wea, se quedÃ³ en primera de seguro. Kaiser presidente ğŸ”¥",2025-11-12T00:05:02Z,0,0
@Brojas421,"No recuerdo que hayan habido tantos candidatos antes, no me gusta ni uno",2025-11-11T23:59:02Z,0,0
@catalinavial329,1:53:16,2025-11-11T23:58:20Z,1,0
@claudiov8,"Viejo artes china es una dictadura. Anda robar te cortan las manos ,seÃ±or neofito ,uds esta no se que haciendo hay .",2025-11-11T23:56:15Z,0,0
@BÃ¡rbara-t4v5k,Artes jajajjajağŸ˜‚,2025-11-11T23:50:47Z,0,0
@eflteacherayala,"ME-O siempre desubicado con sus torpezas. 
(de bully con sus oponentes)",2025-11-11T23:46:38Z,2,0
@bocchichan7381,"Tal vez me vengan un monton de Jaras... Pero lo que dice JARA de los demas candidatos es justamente lo que ella es.

""El ladrÃ³n juzga por su condiciÃ³n""
""Cuando Jara habla de X, habla mas de Jara que de X""",2025-11-11T23:43:41Z,1,0
@R4diestesi4,Kaiser defendiendo Punta peuco ğŸ˜‚,2025-11-11T23:39:45Z,1,0
@indyvillava,"El debate con periodistas haciendo preguntas especÃ­ficas a cada candidato NO es vÃ¡lido. Onetto felicitando a Harold  por su honestidad cuando lo pillaron en la mentira. Matamala preguntando por aborto en serio eso es importante?? Y de educaciÃ³n nada, de corrupciÃ³n nada,  y asÃ­ etc etc etc. El mejor de los periodistas Astorga",2025-11-11T23:38:16Z,0,0
@bocchichan7381,"1:02:26 recien inicia El debate!!! Una hora weon!
1:04:14 seguridad -ministros
1:26:16 replica...
1:32:11 Politicas sociales: jubilaciÃ³n
1:46:07 despenalizar el aborto
1:53:42 replica
2:07:47 preguntas y respuestas cortas
2:32:10 economÃ­a y gobernalidad -medidas para bajar las cuentas de la luz
2:57:00 gobernalidad
3:00:00 derechos humanos

Y .. me perdi",2025-11-11T23:19:16Z,98,2
@Maria-rk1rc,"Leo los comentarios del debate de los candidatos a presidente  y sigo pensando que no me gusta ninguno .
Ni KÃ¡iser ni Jara, los extremos dan miedo ğŸ˜®.",2025-11-11T23:15:01Z,2,0
@isabelsepulveda8520,Este debate fuÃ© de Kaiser y Franco por lejos.....,2025-11-11T23:14:24Z,11,2
@Leclau1000,"VOTA MERLUZO, VOTA JARA",2025-11-11T22:39:04Z,1,0
@VictorMoro-pt3vv,"Kaiser Presidente ğŸ‡¨ğŸ‡± 

Cierre de campaÃ±a el 12/11/25 en Metro El Salvador. Inicia a las 18:00 hrs y se extenderÃ¡ un par de horas. Hagan presencia y asistan al cierre. MiÃ©rcoles, saliendo de la pega, directo al cierre de campaÃ±a de Johannes Kaiser.",2025-11-11T22:38:19Z,4,0
@carlaapablaza8256,EL CLUB DE LA COMEDIA ğŸ˜…ğŸ˜…ğŸ˜…,2025-11-11T22:22:56Z,0,0
@carlaapablaza8256,Que me reÃ­ con Evelin mattey jajajajjajaj este paÃ­s se va. A la cresta jajajjajağŸ˜…ğŸ˜…ğŸ˜…ğŸ˜…,2025-11-11T22:15:36Z,13,0
@Alexin4x,go go Kaiser ! ğŸ—³ï¸ğŸ‰ ğŸ‡¨ğŸ‡±,2025-11-11T22:12:48Z,12,1
@escritosdeviajes,"Parisi presidente!! El mÃ¡s preparado, doctor en finanzas y con experiencia internacional.",2025-11-11T22:07:44Z,1,0
@backoftheclassroom777,"Si Chile no madura a su realidad inmediata seguira siendo enterrada gracias a la mentalidad zurda y a los pocos huevos de los de derecha. Despues de lo presentado, pareciera que el mal menor es su candidato Kast.",2025-11-11T21:57:41Z,0,3
@Nicolas-zp8zs,El descaro de Jara de decir que Kast no responde las preguntas cuando toda pregunta en el debate cruzado no respondiÃ³ ninguna jajaja,2025-11-11T21:41:09Z,18,0
@9yusita,Hubiera sido genial que abordaran el tema de las denuncias falsas que utilizan algunas mujeres para alejar a los padres de sus hijos...una realidad silenciosa que nadie sabe hasta le toca vivirlo y que esta descontrolado,2025-11-11T21:34:03Z,0,0
@ashe92loleroysniper29,Artes sabe,2025-11-11T21:26:38Z,0,0
@ThePhaanxshoo,"Jajajaj no pueden decir danke shon ps wn, si por jugada politica fue ese gesto, ambos salieron perdiendo al decir eso",2025-11-11T21:09:33Z,0,0
@MauricioOrtiz-h5p,4K...PRESUDENTE,2025-11-11T21:02:59Z,8,0
@mikealfa1000,"Por lejos, pero por lejos la matthei es la mÃ¡s preparada en muchos aspectos.",2025-11-11T21:01:56Z,1,0
@laurarosatahachavez5180,Los demÃ¡s hablan  pura idioteces ğŸ˜ğŸ¤”,2025-11-11T21:00:43Z,0,0
@Montecristo21,"2:48:00 Chile invierte 0.2% del PIB en ciencia?! Con razÃ³n estÃ¡ estancado en desarrollo. Es el desarrollo cientÃ­fico el que crea y estimula nuevos mercados. AcÃ¡ en Suecia, se invierte el 3.6%.",2025-11-11T20:58:04Z,0,2
@laurarosatahachavez5180,El candidato a presidente que estÃ¡ mÃ¡s centrado es KAISER ğŸ‘ğŸ‘ğŸ‘ğŸ‘,2025-11-11T20:54:42Z,5,2
@Ibukiowoo,venceremos compaÃ±ero presidente,2025-11-11T20:49:08Z,0,0
@estebanvicencio893,El unico que vale la pena kaiser,2025-11-11T20:48:37Z,2,0
@Nicolaz_Ak47,Parisi ğŸ˜Š,2025-11-11T20:40:36Z,0,0
@disenoscabezadepalo,Utaaaa que dan reclames !!â€™nnn,2025-11-11T20:38:16Z,0,0
@claudioxbt,Vamos con  todo KAST !!!!!!!,2025-11-11T20:32:05Z,1,0
@TonyBird-w3n,Vamos chilenos......es ahora el cambio que Chile necesita.........vamos todos juntos que podemos.........ğŸ’¯ğŸ‡¨ğŸ‡± KAISER PRESIDENTE ğŸ’¯ğŸ‡¨ğŸ‡±,2025-11-11T20:29:03Z,0,0
@paulahenriquez9301,"el cuero de los periodistas para soportar tanto weon, un aplauso para los periodistas",2025-11-11T20:11:45Z,0,0
@eliezercharnock1785,Oie Mande Al Viejo Artes Con Una Pension Buena Para La Casa Nose Que Habla Este Loco Jajajjajaj Yo Creo Que El Tampoco Si Jajajajjaj,2025-11-11T20:11:02Z,0,1
@davidgavia838,Parisi es el Ãºnico que habla con base y entrega nÃºmeros!!! MÃ¡s estudio tengo yo que kÃ¡iser como Chile no se da cuenta que jara kÃ¡iser pueden ser mÃ¡s preparado de parisi!!! Manden a estudiar al kÃ¡iser primero chile despierta!!!,2025-11-11T20:08:42Z,3,0
@eliezercharnock1785,Jajajaajajja Jara Hablando Dd Corrupcion ğŸ˜‚ğŸ˜‚ğŸ˜‚ğŸ˜‚ Es Un Chiste Loco Jjajajajajjajajajja Me Aprete La Guata Con Esta Lacra Jajajajajjaja,2025-11-11T20:06:55Z,10,0
@FernandaSÃ¡nchezM,"Que miedo las caras que hace Kaiser, es terrorÃ­fico",2025-11-11T20:05:04Z,3,0
@vlamiralexismunozpavlov3059,"Artes ni siquiera se autoreconoce como de extrema izquierda, sera la edad??",2025-11-11T20:02:41Z,0,1
@hikari8858,.Johannes Kaiser es el Ãºnico que puede recuperar Chile.  Los otros son lo mismo de antes.,2025-11-11T20:00:16Z,9,0
@claudiasanchez9388,"Kast se hizo el Larry con todas las respuestas. Kaiser claro y congruente en sus respuestas. Meo, Artes y Harold perdida de tiempo invitarlos a debates.",2025-11-11T19:49:31Z,1,1
@cata-lu,"es una vergÃ¼enza el nivel de candidatos que tenemos, lo Ãºnico que les interesa es atacarse entre ellos o velar por sus propios intereses/partido, ninguno tiene propuestas sÃ³lidas para los problemas que tenemos los chilenos, la mayorÃ­a sÃ³lo queremos mayor seguridad y que saquen a los millones de ilegales que son 0 aporte al paÃ­s",2025-11-11T19:46:44Z,0,1
@sebitanotaloko5920,Jsjsj Kaiser le detienen el minutero mÃ¡s arreglado Parisi presidente ğŸ‰ğŸ‰,2025-11-11T19:46:33Z,0,0
@Luxdominicom,KAST KAST KAST!!! ğŸ‰ğŸ‰ğŸ‰,2025-11-11T19:41:46Z,2,0
@TheTomasleon,27:00 para ahorrar tiempo,2025-11-11T19:24:47Z,0,1
@DigiTECretro,1:16:18  ğŸ¤£ğŸ¤£ğŸ¤£ aqui es buena la comedia veanlo.,2025-11-11T19:23:49Z,2,0
@Lorca38Palski,1:07:40 el tiempo no corre con Kast. ReciÃ©n empezaba el debate y ya las reglas no se cumplen,2025-11-11T19:11:08Z,9,0
@lilbvnn7,Como ven a parisi lo sensuran siempre franco sera el presidente de chile y la sorpresa de michos ğŸ‡¨ğŸ‡±,2025-11-11T19:05:40Z,2,0
@lilbvnn7,Notable franco Parisi ğŸ‡¨ğŸ‡±ğŸ›¸,2025-11-11T18:46:06Z,8,0
@eflteacherayala,QuÃ© increÃ­ble el tono de la candidata. Mucha ira contenida en su tono y gestos faciales (1:30:04). Â¿Hasta cuÃ¡ndo con la falacia del secreto bancario? Â¿Se quieren meter a las cuentas de todos? (como quedÃ³ al descubierto por el exdirector de SII). Si el secreto se levanta fÃ¡cil y rÃ¡pidamente con una orden cuando sea necesario. Ya basta con las mentiras descaradas frente a todo un paÃ­s. Por otro lado...Â¿Ministerio de seguridad o VocerÃ­a de la inseguridad? No ha servido para nada mÃ¡s que ingresar a apitutados con sueldos estratosfÃ©ricos.,2025-11-11T18:37:09Z,2,1
@mieralecandiamonje6409,A Jara le tengo mÃ¡s miedo que al viejito de ArtÃ©s,2025-11-11T18:33:38Z,1,1
@felipecastro3588,"Puras preguntas weonas, trabajo periodÃ­stico pÃ©simo.",2025-11-11T18:27:00Z,13,0
@Sophia-jr,"Por algo es JarağŸŒŸğŸ–ï¸ğŸ‡¨ğŸ‡±ğŸŒŸ PRESIDENTA Por, Para y Del Pueblo en plan Proyecto PaÃ­s. Unidad, Humanismo, Regionalismo e Inteligencia Colectiva cÃ³mo demostrÃ³ con PolÃ­tica de los Acuerdos. Desarrollo Social, Equidad ante la Desigualdad del modelo actual, y porsupuesto continuar la senda a un Chile forrado en Riqueza Natural y Humana, que no es sÃ³lo TecnÃ³cratas o expertos ideales, es el talento y entrega en el Agente de Cambio, Muchos servidores pÃºblicos y anÃ³nimos cÃ³mo los que nos atienden hoy en Red y los que Muy Bien Seguro RepresentarÃ¡ ğŸ‡¨ğŸ‡±ğŸŒŸ",2025-11-11T18:11:34Z,1,2
@mariacaroanticoy4331,"Para los que no saben, en el gobierno de Bachellet cerraron mas de 500 colegios particulares  subvencionados  por cualquier motivo, a nivel pais, dejando un mÃ­nimo de 4 personas cesantes por colegio. Profesores, manipuladoras, auxiliares, choferes, entre otros; y durante este gobierno se ha reducido la contrataciÃ³n en el Ã¡rea municipal, y los liceos con suvbenciÃ³n, los pocos que quedan no tienen cupos para absorber la enorme cantidad de profesores de educaciÃ³n bÃ¡sica con experiencia que ha quedado sin trabajo, al que se agrega el grupo de nuevos titulados que salen de las universidades. En consecuencia, muchos profesores deben trabajar incluso en Ã¡reas de aseo por desesperaciÃ³n laboral.",2025-11-11T17:58:54Z,0,0
@ViruGrifo,"El video del Meganoticias no tiene publicidad, de 5 horas queda en 3",2025-11-11T17:53:09Z,6,1
@david_veloz__,KAISER PRESIDENTE DE CHILE ğŸ‡¨ğŸ‡±,2025-11-11T17:34:07Z,15,0
@ytconference4332,"1:39:27 IncreÃ­ble que esa seÃ±ora Jara, este proponiendo lo mismo que propuso Petro aquÃ­ en Colombia.

 Spoiler: No cumplirÃ¡ y buscarÃ¡ la manera de robarse la plata con vacÃ­os legales.",2025-11-11T17:18:39Z,6,4
@andressaez4558,"3:39:46 
Mi candidato eso si es saber no hay nada mejor que meter la presa",2025-11-11T17:14:34Z,0,0
@IsidoraPrieto-gi1ps,KAISER KAISER ACDC AHÃ vamos,2025-11-11T17:09:55Z,9,0
@MilotobarOlivaresAlfredo,Kaiser presidente el bukele,2025-11-11T17:08:39Z,10,0
@Dieselgrungeman,DEVUELVAN LAS PLATAS!!!â˜ ï¸â˜ ï¸â˜ ï¸â˜ ï¸,2025-11-11T17:08:33Z,0,0
@danielceledonf,Me sorprendiÃ³ para bien Franco Parisi,2025-11-11T17:02:22Z,27,0
@pequenaisidora675,Harol no tenÃ­a ni un brillo,2025-11-11T17:00:41Z,0,0
@cristianllanten7356,Parisi lejos el mejor,2025-11-11T16:53:36Z,4,0
@elbarsinson3501,"Vota 5, vota Kast ğŸ‡¨ğŸ‡±",2025-11-11T16:52:55Z,5,1
@ihamnavarrete6044,Mathei,2025-11-11T16:52:29Z,1,0
@Entucara3636,Parisi presidente,2025-11-11T16:51:17Z,0,0
@anirabiskupsky8621,"Nooo. Me Cargan estos  periodistas, alterados, gritones,irritantes, mal educados, todos por igual unos indeseables",2025-11-11T16:50:48Z,6,0
@Dieselgrungeman,"1:39:28 la de mimbre le tira un estropajo a kast, y 01:40:01 recoge el estropajo, sube a la mimbrera en el escobillon y la manda a cubağŸ˜‚ğŸ˜‚ğŸ˜‚ğŸ˜‚... disfrutÃ© el momento aunque kast no sea mi candidatoğŸ¤£ğŸ¤£ğŸ¤£ğŸ¤£ğŸ˜ğŸ‘Œ",2025-11-11T16:48:40Z,0,0
@Maanroma,1:04:00 y se saltan toda la challa,2025-11-11T16:44:22Z,4,0
@_richi,01:02:24 empieza para no mamarse el spam,2025-11-11T16:42:23Z,1,0
@wllmbrrt60,1:53:00 ğŸ¤£,2025-11-11T16:40:44Z,0,0
@ydaliahaydeechoquehuaytaqu9568,ğŸ˜‚,2025-11-11T16:39:41Z,0,0
@rodrigomarin6137,EXTREMA DE IZQUIERDA: Artes .......EXTREMA DERECHA: Kaiser. Los extremos no son buenos para ningÃºn pais.................,2025-11-11T16:29:48Z,11,3
@user-wb7yb5lc5x,Parisi es el hombre.! Los demÃ¡s lo mismo de siempre,2025-11-11T16:29:27Z,0,0
@danielgrandoncuevas8717,lo bueno es que Neo se va levantar temprano a las 5:30 de la maÃ±ana todos los dÃ­as de lunes a viernes. Â¡Payaso! ğŸ¤¡,2025-11-11T16:26:02Z,0,1
@luchin7y20,51:54 todavÃ­a hay gente viendo tele ??? ğŸ‘´ğŸ»ğŸ“º,2025-11-11T16:23:37Z,1,0
@marianefontechen3794,"KAST  ES LA MEJOR OPCION
LOS DEMAS RECUERDEN NOS OFRESIERON LA LUNA Y EL SOL
KAST PRESIDENTE DE CHILE ğŸ‡¨ğŸ‡±",2025-11-11T16:22:28Z,4,1
@yannetchamorrojaramillo9953,"Porque Kkast no responde lo que se le pregunta, que fastidio este tipo, me astea",2025-11-11T16:21:52Z,0,0
@bakemonodelapbk,2:30:56 FIN 3RA PAUSA COMERCIAL,2025-11-11T16:20:08Z,0,0
@danielpinto5714,chantisi,2025-11-11T16:17:39Z,1,0
@scarlet2690,"""izquierda foba"" ğŸ˜‚ el profe artes hdhsjsj",2025-11-11T16:11:13Z,10,0
@pablogb_05,Increible ver que la mayoria fue a hablar mal de los demas y no a proponer tranquilamente sus propuestas,2025-11-11T16:07:17Z,134,3
@ydaliahaydeechoquehuaytaqu9568,KÃ¡iser quiere que EEUU invada,2025-11-11T16:06:11Z,0,0
@anamedina6057,KAISER ğŸ‡¨ğŸ‡±ğŸ‡¨ğŸ‡±ğŸ‡¨ğŸ‡±ğŸ‡¨ğŸ‡±ğŸ‡¨ğŸ‡±ğŸ‡¨ğŸ‡±ğŸ‡ªğŸ‡¦ğŸ‡ªğŸ‡¦ğŸ‡ªğŸ‡¦,2025-11-11T16:05:16Z,6,0
@LilianaCatalan-ot2bc,Kaiser seÃ±ores jara de financiada por boric el que dejÃ³ nuestro paÃ­s en ruinas,2025-11-11T16:04:59Z,12,5
@agrohogar620,Â¿Por quÃ© nadie le recuerda a la izquierda que Allende tb es del pasado? ğŸ˜…,2025-11-11T16:04:49Z,1,0
@agrohogar620,"ministerio de economia con agricultura???? como agrÃ³noma estoy impactada.
No me gusta Kaiser",2025-11-11T16:01:13Z,1,0
@alvaroperez7645,La Rosa de Guatalupe....XD,2025-11-11T15:59:53Z,0,0
@tomaslifona3713,aguante milei,2025-11-11T15:57:32Z,0,0
@bettyacevedo825,"Meo, lo Ãºnico que hace es desestabilizar el debate, sÃ³lo provoca, ironiza.",2025-11-11T15:45:06Z,12,0
@ceciliavalenzuela6970,Rasca y desadecuado el chistecito de Maine Nichols. No es el espacio. No estÃ¡ en un asado. Se nota que tiene a flor de labio ese doblesentido al punto de desubicarse.,2025-11-11T15:44:13Z,6,0
@bakemonodelapbk,2:06:34 FIN SEGUNDA PAUSA COMERCIAL,2025-11-11T15:43:40Z,0,0
@JavieraValentinaHerreraAzolas,No te soporto Soledad Onetto,2025-11-11T15:40:40Z,6,2
@fsramirezj,Viendo el debate en x0.5 me hace sentir en un asado con mis tÃ­os curaos.,2025-11-11T15:38:38Z,402,5
@pablotapiainsectron10,"Artes la asamblea constituyente no es como la explicÃ¡s, el poder constituyente recae en el pueblo y ellos nominan los representantes.",2025-11-11T15:38:31Z,0,0
@luisarturovidalquilodran5699,"La cara dura que tiene la derecha no se compara con nada, ellos preocupado por la salud, la educaciÃ³n pÃºblica, si ellos mismos hicieron de Ã©stos, un negocio y un privilegio. Hablan de un sueldo mÃ­nimo mÃ¡s elevado, si fue Evelyn matthei la que dijo una vez, que subir el sueldo mÃ­nimo mÃ¡s de 7500 pesos, era una irresponsabilidad. Vean como han votado en cada proyecto de ley que veneficia a la gente  y verÃ¡n sus verdaderos rostros",2025-11-11T15:33:00Z,5,1
@ceciliavalenzuela6970,La alta tolencia a la delincuencia sociÃ³pata extrema que hoy hay es misÃ³gena total.,2025-11-11T15:27:38Z,5,0
@bettyacevedo825,"La voz de Jara, dulce y amorosa, muy estratÃ©gica. Vi videos de ella gritando contra los ""pacos"",no es la misma persona, cambiÃ³ hasta su imagen bacheletizada.",2025-11-11T15:26:52Z,58,5
@marcojorquerariveros6852,BRUTAL!!!!! JAMONES KAISER PRESIDENTE!!!!,2025-11-11T15:25:26Z,12,0
@ceciliavalenzuela6970,"Daniel Matamala, los 12 mil para ahorrar hoy se van en impuestos por existir. Dejan de cobrarme por todo (para mantener zÃ¡nganos y cumplir sueÃ±os clasistas de los inventados del gobierno), y feliz ahorro!",2025-11-11T15:24:09Z,1,0
@natalieveasalcaman8705,Que fuerte que quieran legalizar el aborto hasta las 14 semanas considerando que en esa fecha se detecta el sindrome de down,2025-11-11T15:23:13Z,0,2
@ceciliavalenzuela6970,"Y mientras queda con toda su vida financiera resuelta de manera vitalicia, Boric con todo el tiempo del mundo para filosofar y volver a la carga, mÃ¡s ideologizado, en versiÃ³n punto cero. Y a este paÃ­s, se le olvidarÃ¡, una vez mÃ¡s, el contexto de los hechos, como bien reconoce ArtÃ©s cuando le conviene.",2025-11-11T15:21:58Z,0,0
@AudiosEspirituales,03:55:49 Dolo de caballerosidadğŸ‰,2025-11-11T15:21:39Z,2,1
@carmeloklause8532,Kaiser presidente.,2025-11-11T15:16:13Z,4,0
@Matikaly,Es el debate o las noticias..,2025-11-11T15:12:17Z,0,0
@jesseniapedamonte606,Parisi presidente,2025-11-11T15:06:47Z,0,0
@alexanderreyes7765,"CHV TV. DeberÃ­an haber sido mÃ¡s profesionales. Y haber mostrado todas las reacciones posteriores de todos los candidatos. Ya que a los periodistas los podemos escuchar despuÃ©s. Y no me  interesan mucho sus opiniones... pero si, la de  los candidatos... 
Son Problemas de DirecciÃ³n  ideolÃ³gica de los canales de TV. Me molesta mucho eso..... es una censura a la libertad.",2025-11-11T15:06:12Z,5,0
@agrohogar620,jajajajaajaja Jara dice que Kast desvÃ­a el tema y ella tampoco respondio  jajaajajaja,2025-11-11T15:05:36Z,10,0
@JorgeeduardoVidal,que terrible es escuchar a esta gente culpandose que este y que este otro pero no presentan y defienden sus posturas y su programa de gobierno,2025-11-11T15:02:42Z,1,0
@damianariascloud,Tienen que tener mucha cara para poner comerciales encima de algo que ya tiene comerciales,2025-11-11T14:54:59Z,0,0
@Dieselgrungeman,1:28:05 fuerte y claro 4KğŸŒŸğŸ‡¨ğŸ‡±ğŸ˜ğŸ‘Œ,2025-11-11T14:54:51Z,3,0
@angelaibarra5505,"Tremenda Jara ğŸ’œğŸ’œ
Muy clara en sus respuestas y poniendo en su lugar a la derecha.

Mayne-Nicholls, muy respetable ğŸ™ğŸ™",2025-11-11T14:53:44Z,4,0
@gracielareyes9162,"NULO AL CONGRESO NULO PARA LIS Q GOBERNARON CHILE DESDE EL CONGRESO EN ACUERDOS CIN ESTE GOBIERNO COMUNISTA Y LIGRARIN LA DSTRUCCION DE CHILE , FUERA SIN.  DINERO, SIN PODER , NULO VA LUMPIANDO NUESTRA PATRIA.",2025-11-11T14:51:15Z,0,0
@Walterioo-ACSI,"La 1zquierda quiere seguir destruyendo el paÃ­s por 4 aÃ±os mÃ¡s.

Es su Ãºnico sueÃ±o , su Ãºnico anhelo.",2025-11-11T14:46:19Z,1,0
@Walterioo-ACSI,La 1zquierda quiere seguir destruyendo el paÃ­s con Jara.,2025-11-11T14:43:45Z,1,0
@sabrinamedinacanales9126,No creo nada a Jara y Kast.,2025-11-11T14:39:17Z,0,0
@ydaliahaydeechoquehuaytaqu9568,La derecha no quiere subir el sueldo,2025-11-11T14:38:55Z,0,1
@sabrinamedinacanales9126,Al profesor lo invitan por cortesÃ­a.,2025-11-11T14:38:46Z,3,0
@OctavianoLuxor,Kaiser ğŸ‘,2025-11-11T14:36:20Z,11,0
@cristinaelgueda6067,"Julia vial lo hace pÃ©simo, interrumpe y no deja hablar",2025-11-11T14:33:57Z,3,0
@Walterioo-ACSI,"El BaÃ±o de sangre de B0rich en el 2025 , la Jara lo quiere triplicar.",2025-11-11T14:33:37Z,0,0
@ydaliahaydeechoquehuaytaqu9568,La derecha no quiere bajar la luz ğŸ˜®,2025-11-11T14:30:19Z,5,1
@bakemonodelapbk,1:02:13  FIN PRIMERA PAUSA COMERCIAL,2025-11-11T14:29:22Z,0,0
@milthonoyarzunnahuelhual3786,"No hay cosas que paradas duren mucho tiempo ğŸ˜®, Grande Harold! Te queremos en el PDG",2025-11-11T14:21:52Z,0,0
@Walterioo-ACSI,"Vota Jara y serÃ¡s cÃ³mplice del hundimiento final de este paÃ­s ğŸ«µ

Es la continuidad del mal gobierno de Merluzzo ğŸ«µ",2025-11-11T14:19:21Z,11,2
@ydaliahaydeechoquehuaytaqu9568,La salud estÃ¡ por los suelos,2025-11-11T14:18:29Z,0,0
@Walterioo-ACSI,"La Jara es C-MUNISTA ,  lo quiere tapar pero le sale pÃ©simo , igual que los debates , ES C-MUNISTA ABSOLUTA .

Y siempre lo serÃ¡ .",2025-11-11T14:18:19Z,2,0
@bakemonodelapbk,51:54 parece ke x ahi va empezar pa k no te comas tanto comercial,2025-11-11T14:16:05Z,1,0
@NOCANAL13NOMEGANOCNN,ğŸ¯â¤ï¸ JARA ğŸ‘ VOTA 2 ğŸ’‹ JARA TIENE 2 TÃTULOS UNIVERSITARIOS ğŸ¥‡ğŸ¥‡ ES ABOGADA ğŸ’‹ Y ES INGENIERA EN ADMINISTRACIÃ“N PUBLICA â¤ï¸ JARA ğŸ‘ VOTA 2 ğŸ’‹ TE ASEGURA BUENA PGU â¤ï¸ JARA TE ASEGURA BUEN SUELDO DE 750 MIL PESOS â¤ï¸ JARA TE DA MÃS POLICIAS ğŸ’ªâ¤ï¸,2025-11-11T14:12:50Z,1,4
@mauricioarevalo3511,JARA + OMINAMI,2025-11-11T14:12:35Z,0,1
@claudiomartino4969,SE NECESITA UN PRESIDENTE  SIN MANOS PARA QUE NO ROBE,2025-11-11T14:08:38Z,10,1
@javierabraham2635,"Jajajajaajajaja ya cortaron a Kaiser por que no les conviene estÃ¡n con churrete,quieren dejar mal a Kaiser y les da de su medicina y cortan la entrevista son unos payasos Kaiser en primera vuelta nomÃ¡s y se acaba la fiesta del lucro con la prensa,low polÃ­ticos",2025-11-11T14:08:34Z,1,1
@diegoalexanderarriagada8294,El circo en su mayor esplendor,2025-11-11T14:03:43Z,1,1
@niicolasmunoztapia4499,#1,2025-11-11T14:03:28Z,1,0
@Erwinharold,"Kaiser ğŸ‡¨ğŸ‡±, XD esta llenoooooo de anucioossss",2025-11-11T13:59:26Z,9,1
@ydaliahaydeechoquehuaytaqu9568,KÃ¡iser nos odia sÃ³lo  habla de Chilenos ğŸ˜‚ y eso que mi esposo es Chileno,2025-11-11T13:58:11Z,0,0
@luisparedes7574,Franco di lo tuyo: con Parisi presidente y el PDG en el parlamento,2025-11-11T13:56:41Z,174,5
@ydaliahaydeechoquehuaytaqu9568,La derecha se niega a todas las leyes que da la Izquierda porque no le conviene ahora dicen y dicen,2025-11-11T13:53:13Z,1,1
@Walterioo-ACSI,"La 1zquierda ni siquiera deberÃ­a presentarse a las elecciones despuÃ©s de haber destrozado este paÃ­s.

Pero no conocen la vergÃ¼enza.",2025-11-11T13:51:51Z,2,0
@camilafernanda5384,Grande parisi â¤ el mejor como siempre,2025-11-11T13:51:26Z,4,1
@jeannettemachuca8259,Parisi miente .,2025-11-11T13:49:47Z,1,2
@jonaj.h8345,"Y como dice la abuela, nuestro pais se va a ir a la cresta",2025-11-11T13:47:56Z,1,0
@vlamiralexismunozpavlov3059,"Me gusto Este apodo para Matthei:
La donde esta el piloto",2025-11-11T13:46:34Z,5,1
@cesarsax7,"Alegan respecto del estallido social y fue algo promovido y financiado por el actual gobierno, que obviamente se volera a repetir con un gobierno de defecha.",2025-11-11T13:44:04Z,3,1
@FelipeVallejosINC,Parisi presidente,2025-11-11T13:40:31Z,4,0
@allofme2753,"-JosÃ© Antonio Kast, Â¿quÃ© hora es?. 
-Kast: Este gobierno nos ha limitado de ver la hora, Gabriel Boric, nunca usÃ³ reloj ni corbata. (QuÃ© desastre esta candidatura de Kast)",2025-11-11T13:37:34Z,248,2
@josebarrientos777,Que chanta es meo,2025-11-11T13:36:00Z,3,0
@usuari015-r7n,Que lindo serÃ­a Chile sin estos pseudos postulantes comunistas...,2025-11-11T13:35:35Z,0,0
@joseyanez1830,Que bajo el nivel. Otra vez elegir por el mal menor.,2025-11-11T13:33:02Z,5,0
@claudia3583,Nooo si Matthei es la mas centralğŸ˜‚ğŸ˜‚ğŸ˜‚jajaj danke schon,2025-11-11T13:31:53Z,4,0
@arielinzulza2584,"Nadie quiere bajarse los sueldos jejeje solo Parisi.... Estos quieren el poder para ellos, para ganar ellos, y quedan calladitos estos interesados.",2025-11-11T13:27:56Z,3,0
@mariocatalan2202,JAJAJA JUEZA VIVANCO VENDE LOS FALLOS  JAJAJA TODO ERA VERDAD JEJE,2025-11-11T13:23:56Z,0,0
@cristhianmoraga8298,KÃ¡iser lejos el mejor en el debate,2025-11-11T13:22:42Z,2,0
@carlipeotero2355,"Joh eres  el Ãºnico lÃ­der en el debate , vamos Kaiser !!!  Tanta falta que nos hace uno  en Chile",2025-11-11T13:18:41Z,1,0
@LuisValenzuelaCorelab,El MEO de Morande dice mas que el original,2025-11-11T13:17:02Z,1,0
@gonzaloavs,JARA PRESIDENTA! â¤ï¸ğŸ‡¨ğŸ‡±,2025-11-11T13:14:35Z,5,0
@Tami23-l8t,Jara ahora queriÃ©ndose despegar de Boric....,2025-11-11T13:12:05Z,34,3
@Shiikaaful,Que lindo el color del traje de la Eve me encantÃ³ ğŸ˜Š,2025-11-11T13:10:59Z,17,2
@ojoloco6336,1:02:58 empieza masomenos,2025-11-11T13:09:31Z,0,0
@caprino00snipe,"Todos los candidatos mienten, ocultan informaciÃ³n, prometen proyectos sin financiamiento, proponen ideas inviables en el escenario actual, proponen ideas que exceden el tiempo del gobierno por lo tanto, inviable... esto es casi como una muetra de valores simplemente.",2025-11-11T13:08:06Z,25,0
@cloned81,"La polÃ­tica, en general, no me importa demasiado. Siempre voto por la persona que considero mÃ¡s preparada, sin fijarme en su partido ni en si es de derecha o izquierda. Dicho esto, sinceramente no entiendo por quÃ© Jara tiene tantos votantes. Cada vez que la escucho hablar, percibo a una mujer beligerante y resentida, alguien que no presenta muchas ideas propias, pero que sÃ­ dedica gran parte de su discurso a atacar las de los demÃ¡s. Â¿QuÃ© pasarÃ­a si llegara a ser presidenta? En mi opiniÃ³n, es objetivamente la candidata menos preparada que he visto en mucho tiempo, y eso me asusta. :(",2025-11-11T13:04:45Z,2,1
@MetroCubico-m3q,Grande Jara!!,2025-11-11T13:02:41Z,2,1
@steeven_36,"PÃ©simo debate... Los periodistas parece q ya no saben como preguntar las cosas y lo hacen  con una segunda intensiÃ³n...
Don Artes, me cae bien pero no era para candidato a la presidencia.... Comparto las cosas q dijo aquÃ­, pero no es apto para gobernar un paÃ­s. Meo, q se aburra de postularse, atacando al resto y pidiendo cifras en un debate donde no te dejan hablar bien de tus propuestas?? Nooo po... La gente ya tubo suficiente tiempo para leer y escuchar las propuestas de cada uno de los candidatos como para ahora en menos de 1 minuto hablar de todas ellas??? AsÃ­ no es la cosa. Estoy escuchando el debate pero tengo clarito mi candidato!! âœŒğŸ»",2025-11-11T12:59:39Z,1,0
@valentinacarrasco8722,"El mÃ¡s inteligente por lejos fue Parisiâ€¦ iba por Kast, pero no hay por donde ğŸ™ƒ",2025-11-11T12:59:05Z,10,0
@suhval7962,Por que kast habla con tanta autoridad de las falencias de salud si su familia siempre a tenido acceso a salud privada?,2025-11-11T12:54:40Z,60,5
@suhval7962,"EL LARRY KAST AJJSJS HAY QUE HABLAR CON LA VERDD, PROCEDE A MENTIR JAJSJSJ",2025-11-11T12:51:37Z,126,5
@MagaUriarte,eres un corrupto,2025-11-11T12:51:00Z,0,0
@suhval7962,"Te amo profe artÃ©s suena hermoso defender los derechos, obviamente las afp son para las empresas, la personas comunes y corrientes no pueden tocar el ahorro obligatorio y sufren necesidades de toda indole por la desigualdad.",2025-11-11T12:50:31Z,4,5
@danielcarrizocardenas3413,"QuÃ© manera de repartir ignorancia hno !, saquenme de Chile porfa XDDD",2025-11-11T12:50:13Z,5,1
@elmundodeciarita1338,"La jara dice que no hay que encarcelar a alguien que roba un super ocho ajajjaj pero si esos mismos flaites son los delincuentes mÃ¡s grandes a futuro ,los que carterean a los mismos vecinos ,los portonazos los hacen esos mismos pendejos que roban en los super mercados ,de que habla seÃ±ora jara ,la educaciÃ³n no la cambiaran uds ya que eso viene desde la casa los delincuentes se crÃ­an en sus propias casas ,pero ella los quiere tratar con amor y sacar   a los mÃ¡s brigidos de la cÃ¡rcel a hacer trabajo en las calles ğŸ˜‚que seÃ±ora Tan aberrante",2025-11-11T12:50:13Z,3,0
@vale8120,"A mi parecer
Parisi: Ordenado 
Jara: solo escusas que no resolverÃ¡
Ominami : falso 
Kast : educado y centrado en lo que necesita el paÃ­s 
Artes: vive en los tiempos cabernicolas
Matthei : una mujer que sigue un solo camino, y que quiere ver recuperar Chile
Kaiser: hombre directo al choque para avanzar y que tambiÃ©n sabe lo que necesita el paÃ­s...
Harold: tierno que ve todo de colores.

Piensen bien antes de votar, debemos reconstruir Chile y volver a ser un PaÃ­s seguro ğŸ˜",2025-11-11T12:49:31Z,3,0
@vlamiralexismunozpavlov3059,"Me gusto Este apodo para Kast:
El Kastigador",2025-11-11T12:44:22Z,35,1
@vlamiralexismunozpavlov3059,"Me gusto Este apodo para El MEO:
El Eterno",2025-11-11T12:43:45Z,4,0
@GRPLAYTV,Peaso de viejo Artes te digo donde estÃ¡n los recursos? si no sabias te digo los recursos estÃ¡n en la plata que se roba el gobierno corrupto. Cuando la plata no es robada alcanza.,2025-11-11T12:43:05Z,0,0
@cristianacevedo178,"Jara fue la mejor, y los que digan lo contrario, uno puede dudar si son bots PORQUE HAY EVIDENCIA.",2025-11-11T12:39:12Z,5,0
@cristianacevedo178,me encanta arteeeeeees,2025-11-11T12:37:38Z,0,0
@juanfranciscovelasco816,"El aborto, fue, es y seguirÃ¡ siendo, un asesinato y quienes defienden esto justifican un delito por otro! No existe peor crimen contra la humanidad, que matar a un ser humano indefenso en el vientre de una mujer.",2025-11-11T12:33:25Z,3,2
@suhval7962,"Oye y Kaiser quien es, que ha hecho para ser Candidato? Porque demuestra no saber nada de polÃ­tica?",2025-11-11T12:33:23Z,5,1
@juanfranciscovelasco816,KAISER PRESIDENTE Y SE TERMINA LA LEVA!!,2025-11-11T12:29:30Z,23,3
@juanfranciscovelasco816,"Cuando Matthei dijo que iba a regalar el â€œpie ceroâ€, pensÃ© que se referÃ­a a un â€œpiesero o choapinoâ€ para regalar a cada casa!! ğŸ˜‚ğŸ˜… Plop!!",2025-11-11T12:29:00Z,25,0
@chapilulo2552,"Jara presidenta !!!no hay mÃ¡s !  Sentido comÃºn y realidad 
Kaiser y Kast son los mÃ¡s grandes mitÃ³manos y estafadores!",2025-11-11T12:25:05Z,5,1
@vlamiralexismunozpavlov3059,"Me gusto Este apodo para El MEO:
El Eterno",2025-11-11T12:21:52Z,5,0
@vlamiralexismunozpavlov3059,Me gusto Este apodo para Mayne Nicols:  El Pacificador,2025-11-11T12:20:32Z,7,1
@yerkomunoz2707,"Muchos critican a Evelyn Matthei, pero ella bajÃ³ la delincuencia en Providencia, movia a las policias en su comuna donde fuÃ© alcaldesa elegida 2 veces, logrÃ³ tratados de providencia con Corea, fuÃ© aparte Ministra del trabajo y subiÃ³ los empleos y bajo la tasa de gente cesante.
Vota por alguien con trayectoria y respaldo.

Vota 7, Vota Matthei! ğŸ‡¨ğŸ‡±ğŸ‡¨ğŸ‡±ğŸ‡¨ğŸ‡±",2025-11-11T12:20:24Z,2,0
@nicolejeminafernandezcorre8585,Super antipÃ¡tica la periodista que interrumpe a kast,2025-11-11T12:19:17Z,0,0
@marketingconkatte,"En Venezuela levantaron el secreto bancario, y eso no cambio ni la delincuencia, ni el narcotrÃ¡fico, por el contrario.",2025-11-11T12:18:21Z,1,1
@juanfranciscovelasco816,"Insisto, cada vez que veo y oigo a MEO, se parece mÃ¡s a FraFra ErrÃ¡zuriz, lo recuerdan?ğŸ˜…",2025-11-11T12:17:44Z,15,0
@vlamiralexismunozpavlov3059,"Me gusto Este apodo para Jara:
Cara de Jara",2025-11-11T12:16:08Z,3,0
@vlamiralexismunozpavlov3059,"Me gusto Este apodo para Jara:
Cara de Jara",2025-11-11T12:15:56Z,19,0
@AndresGuillermoHachivuryTercer,La peor del debate fue Jara ojalÃ¡ la gente se de cuenta,2025-11-11T12:14:57Z,8,1
@vlamiralexismunozpavlov3059,"Jara endosandole a ja derecha dl fracaso en Seguridad de este gobierno, su gobierno del cual fue parte",2025-11-11T12:13:05Z,24,2
@patriotachileno5475,Ãšltimo sondeo: la candidata narco terrorista obtiene un histÃ³rico 5%.,2025-11-11T12:12:53Z,3,0
@lanathaalyx100,"Piden los recursos y piden recursos, si es cosa de sacar a todos los asesores que tienen, habÃ­a plata, la pregunta es al revez",2025-11-11T12:12:10Z,0,0
@borisandes,Parisi es muy falso ğŸ˜‚,2025-11-11T12:12:02Z,2,0
@suhval7962,"La derecha no sabe nada wn, solo se afirman de ""sacar los milicos"", ""culpa del gobierno actual"" un chiste",2025-11-11T12:11:49Z,3,0
@vlamiralexismunozpavlov3059,"Me quedo claro la propuesta de Artes, tenemos que volvernos todos Chinos",2025-11-11T12:11:45Z,6,1
@suhval7962,"Wna franco parisi parece que es un hombre inteligente, lamentablemente no he visto ningun aporte su parte jajsjsjsk y kaise todo miado jsjsksks",2025-11-11T12:09:30Z,0,0
@rosamonicalandero1369,Â¡Uf! Me aburrÃ­ antes de verlo por la propaganda.,2025-11-11T12:09:27Z,0,0
@juanfranciscovelasco816,"Respecto de la seguridad en Chile, caben dos medidas factibles: de largo plazo, prevenciÃ³n y todo lo que eso conlleva en un paÃ­s civilizado, y de corto plazo: bala o cÃ¡rcel!",2025-11-11T12:07:58Z,2,0
,Que ganas de que gane kaiser y debata 1 a 1 contra jara JJAJJAJAJA,2025-11-11T12:07:11Z,96,5
@vlamiralexismunozpavlov3059,"Me gusto Este apodo para Artes: 
El profe Molotov",2025-11-11T12:06:33Z,175,2
@lanathaalyx100,"Artes, no dÃ¡ndose cuenta que por culpa de ellos estamos como estamos.",2025-11-11T12:04:48Z,4,0
@juanfranciscovelasco816,"MEO, como siempre irÃ³nico y calificando todo de â€œbarbaridad!!. AcÃ¡ la Ãºnica barbaridad, es que se presente como por quinta vez de candidato, y el sistema permita que vivas de esto, debido a una pÃ©sima ley electoral de nuestra â€œ pseudo democraciaâ€œ",2025-11-11T12:03:47Z,81,5
@vlamiralexismunozpavlov3059,Maine Nicols va a combatir El Natcotrafico con Arte y Cultura en las Esquinas ğŸ˜‚ğŸ˜‚ğŸ˜‚ğŸ˜‚,2025-11-11T12:02:32Z,35,1
@pazr6060,1:02:26 empieza el debate,2025-11-11T12:02:27Z,141,5
@George-bp7ks,MEO=ğŸ¤¡ğŸ’©,2025-11-11T12:02:16Z,3,0
@juanfranciscovelasco816,"Sin dudas ArtÃ©s, serÃ­a un buen director de un gulag en Siberia!! ğŸ˜…Plop!!",2025-11-11T11:58:45Z,2,0
@FranciscoMuÃ±oz-r5m,Hablan de aumentar la natalidad y al mismo tiempo fomentan al aboxrto. Andaaaaaaaaa,2025-11-11T11:56:58Z,2,0
@juanfranciscovelasco816,"Maine-Nicholl, como polÃ­tico es bueno orgaizando JJOO!! Plop!!",2025-11-11T11:56:11Z,1,0
@juanfranciscovelasco816,"ArtÃ©s ğŸ˜‚ el â€œprofe de molotovâ€, hablando de seguridad! Plop!!",2025-11-11T11:54:24Z,20,5
@NikkiLestranger,La Jara los remeo hahaha,2025-11-11T11:51:51Z,2,1
@carolinamunozmonje1067,"Parisi tiene buenas ideas desde el 2013! Economista, inteligente. Sabe cÃ³mo. Piensa no solo en la pobreza pero tambiÃ©n en la clase media, en la cual yo calzo. Voto por Ã©l.",2025-11-11T11:50:39Z,13,1
@juanfranciscovelasco816,"Una comunista de candidata a la presidencia de Chile, una comunista hablando de seguridad y transparencia, un comunista de subsecretario de las fuerzas armadasâ€¦ Este surrealismo supera al gran Dali!!",2025-11-11T11:49:58Z,4,0
@vlamiralexismunozpavlov3059,Jara en su gobierno va a hacer Todo lo que no hizo siendo parte del gobierno de Boric ğŸ˜‚ğŸ˜‚ğŸ˜‚ğŸ˜‚ğŸ˜‚,2025-11-11T11:49:00Z,2,1
@carolinamunozmonje1067,Voto Parisi #1 ğŸ‡¨ğŸ‡±,2025-11-11T11:48:37Z,19,0
@geraldgodoyorellana8772,Parisi sus respuestas solidasâ¤â¤â¤,2025-11-11T11:47:28Z,12,0
@juanfranciscovelasco816,"SeÃ±ora Jara, no se puede ser tan cÃ­nica y que siga con su basura del secreto bancario, porque si de eso se tratara, partamos por  empelotar al Partido Comunista, Socio de cuanta cosa trucha existe en Chile, desde el trÃ¡fico de armas, hasta el fÃºtbol!",2025-11-11T11:47:23Z,3,0
@vikingarock2845,Tan arrogante el parisi por eso nadie lo pela,2025-11-11T11:47:16Z,1,0
@felipecarvajal183,"minuto 2:57:43, no era necesario usar inteligencia artificial para saber el orden la verdad jjajaja",2025-11-11T11:45:58Z,1,1
@juanfranciscovelasco816,"Ya que estamos en el mes de Maria, agregarÃ© otro altar al lado para â€œSanta Jaraâ€œ (se ha visto algo mÃ¡s cÃ­nico y peligroso que un comunista??)",2025-11-11T11:45:23Z,6,1
@juanfranciscovelasco816,"Soledad Nieto, frente a la seguridad nacional, no se negocia, se actÃºa y se aplica la ley",2025-11-11T11:43:42Z,2,0
@rodrigoescobar9195,Solido Kaiser.,2025-11-11T11:43:40Z,0,0
@gabrielbolados,"Jara: parece disco rayado con el secreto bancario, poco clara y solo ataca a la derecha como discurso.

Artes: expresamente inmerso en su ideologia, propuestas imposibles de llevar a cabo.

MEO: sÃ³lido solamente en pensiones, pero poco serio, muletillas y populista

KAST: sÃ³lido en algunas respuestas, muy evasor en otras, parecido a Jara, ataca al actual gobierno como caballo de batalla.

HMN: lo mÃ¡s impresentable por mucho en elecciones, responde como un apolitico, solo lee cartas y apela al sentimentalismo.

Mathei: Se viÃ³ solida en este debate, serena, aunque sus volteretas anteriores le estÃ¡ pasando mucho la cuenta en cuanto a votos.

Kaiser: Siempre solido y no titubea en sus respuestas, propuestas claras, gran oratoria, foco en nuevas reformas.

Parisi: populismo total, medidas de seguridad inviables",2025-11-11T11:35:18Z,1,0
@KoachEXP,"Meo ahora entiendo porque nunca vas a ser presidente de nada , ni en tu casa por lejos el peor de todos y eso que estoy dejando afuera a los peores como Jara y el profe.",2025-11-11T11:32:59Z,2,0
@nayadethaguirre3187,"Candidatos de Derecha, evaden , no demuestra de forma consistente su propuestas es igual a vender humo ğŸ˜…",2025-11-11T11:31:42Z,1,0
@juanfranciscovelasco816,ArtÃ©s!! ğŸ˜… payaso ğŸ¤¡,2025-11-11T11:28:32Z,1,0
@ntn6103,"Yo creo que la cosa estÃ¡ clara...
No hay que votar por el mal menor.
Hay que votar por quien realmente lo hace bien",2025-11-11T11:27:54Z,22,5
@juanfranciscovelasco816,"Un debate lleno de publicidad, no es mÃ¡s que un vulgar programa de televisiÃ³n, menos mal que ahora lo puedo ver por YouTube, pobre de la gente que anoche lo vio, un abuso! Plop!!",2025-11-11T11:26:15Z,121,0
@Vichocr9,Artes caga afuera del tiesto el no entiende nada y las personas que han sido vulneradas por robos o le han matado o acuchillado a un ser querido o conocido. TambiÃ©n queremos justicia,2025-11-11T11:22:07Z,0,0
@Felipe.Altamirano.Silva.A,"Recuerdo una canciÃ³n de Violeta Parra, ""Miren cÃ³mo sonrÃ­en"", Miren cÃ³mo le ofrecen al sindicato (puebo de Chile) este mundo y el otro los candidatos. Una canciÃ³n de hace 70 aÃ±os que vuelve a repetirse. Solo KÃ¡iser estÃ¡ apto para el cargo, los demÃ¡s dan vergÃ¼enza.",2025-11-11T11:18:34Z,0,2
@isaacsudbury,"Este si fue un buen debate, Kast el mejor, si Evelyn lo hubiera hecho como hoy siempre quizÃ¡s ahora estarÃ­a pasando a 2da vuelta, Kaiser bien, Jara bien pero no creo que le alcance, Parisi repitiendo las mismas ideas sueltas de siempre, Meo venenoso, Harold insÃ­pido.",2025-11-11T11:15:33Z,0,2
@adn1pp,"KAISER es el unico que la tiene clara, responde sin rodeos todos los cuestionamientos y se nota que esta trabajando hace tiempo para tomar el gobierno y aplicarsolucciones a los problemas, mi voto es KAISER!!",2025-11-11T11:14:07Z,1,0
@forheber2007,3:39:46 kaiser: meter la presa,2025-11-11T11:04:36Z,6,0
@sandracasali-ym4wh,Parisi titulado pero con perfil corrupto regalando diplomas en la universidad. Lo dijo en la entrevista mosquiatti . Chile no quiere mas presidentes corruptos. No sirve a nada queremos eficacia con valores,2025-11-11T10:58:50Z,1,0
@cristianeduardosotosoto6714,Que honda Jara quiere arreglar todo y lleva una vida en el gobierno mas encima entiende a todos. Que comprensible es y esa cara de cÃ­nica mÃ¡s ensayada que el diÃ¡logo .,2025-11-11T10:55:16Z,2,1
@transmisionwebeo1821,KAISER el que mas claro respondio y el que mas se lusio,2025-11-11T10:51:08Z,5,2
@sandracasali-ym4wh,"KaiserğŸ‡¨ğŸ‡±! LejÃ­simo el mejor, se expresa justifica sus argumentos solido y vÃ¡lidos para nuestro futuro como un presidente que chile merece. Los otros prometen y repiten slogan",2025-11-11T10:47:24Z,0,0
@Ciiin21,Que los seudossss periodistas respeten los tiempos y respuestas xfaaaaaaa me estresan,2025-11-11T10:42:31Z,0,0
@lopezlopezpelayoraul,Harold se lo dijo a Kast ... Que tiene paraÃ­sos fiscales afuera.,2025-11-11T10:40:38Z,93,0
@elizabethcid9590,Jara presidentaâ¤,2025-11-11T10:37:23Z,2,0
@Tonino-l9v,KAISER ESTÃ A OTRO NIVEL. ES EL PRÃ“XIMO PRESIDENTE DE CHILE !!.  ğŸ‘ğŸ‘ğŸ‡¨ğŸ‡±ğŸ‡¨ğŸ‡±ğŸ‡¨ğŸ‡±ğŸ‡¨ğŸ‡±ğŸ‡¨ğŸ‡±ğŸ‡¨ğŸ‡±ğŸ‡¨ğŸ‡±,2025-11-11T10:37:19Z,5,2
@benjapremium7547,"estuvo flojito kaiser hoy, se le nota muchÃ­simo lo nervioso",2025-11-11T10:33:16Z,0,0
@claudioherrera3592,Vota inteligente VOTA 1 lejos el mejor del debate PARISI PRESIDENTE!!!,2025-11-11T10:32:11Z,18,5
@juancontreras8434,Wn pago yutu primium para no ver comerciales y estos payasos le meten al video no me imagino como seria ver el debate mas los comerciales de yutu ...,2025-11-11T10:29:49Z,490,5
@fexipp,pero kast no responde ninguna pregunta,2025-11-11T10:24:03Z,73,5
@patitocuakcuakinnintendods5758,"Me da risa como siguen apoyando a kast y kaiser, se hicieron los larrys en casi todas las preguntas y cuando le preguntaban sobre el financiamiento (3 veces le preguntaron) se hicieron los larrys jsjdjf",2025-11-11T10:24:01Z,13,3
@domingorojas6545,Parisi presidente,2025-11-11T10:23:47Z,12,0
@claudiocaroca4795,Quien se puede decidir.. con toda esta lacra.,2025-11-11T10:22:17Z,14,3
@jorge.gribbell,La frontera deberia estar protegida por el ejercito (control de la frontera) y carabineros orden publico con mayores atribuciones y capacitacion sobre actualizaciones en sus procesos.,2025-11-11T10:15:37Z,7,0
@abelcarranza6465,"Jajajaja esta seÃ±ora es capas de regalar todo el dinero de Chile con tal de llegar a la presidencia ,y asÃ­ poder robar y llenarse los bolsillos con su pensiÃ³n vitalicia",2025-11-11T10:15:26Z,14,0
@sandraa.carrillorios2888,Kast presidente,2025-11-11T10:11:03Z,5,1
@felipesalvatierra5614,vamos kaiser,2025-11-11T10:10:51Z,30,2
@jocytorrealba,"Defiende la verdad con la fuerza y el valor , defiende la verdad contra el zurdo y el traido.. 4K â¤",2025-11-11T10:02:20Z,9,5
@NadieTodosky,"Es el Ãºnico definitivamente capaz de ordenar la casa âœ¨ğŸ‡¨ğŸ‡± la infancia, la mujeres y la gente de tercera edad necesitan mÃ¡s que nunca un hombre de esa preparaciÃ³n evidente. Es un honor. 

GO GO KAISER âœ¨â™Ÿï¸ğŸ‡¨ğŸ‡±  
clave: 01:22:05",2025-11-11T10:00:38Z,1,0
@rodrigoaguilera1219,Un comunista hablando de autoritarismo .la jara se supera asi mismağŸ˜‚ğŸ˜‚ğŸ˜‚ğŸ˜‚,2025-11-11T09:53:45Z,12,0
@felipecarvajal183,Minuto 2:40:38 jajajajajaja la cara de los candidatos!!! Se derechizo Artes!!!!,2025-11-11T09:53:31Z,31,1
@sergioalegrial,"Evelin se entreno con los mejores, los mejores ladrones y corruptos que Chile ha tenido en su historia.",2025-11-11T09:44:36Z,1,1
@HermanFuenzalida,Yo no sÃ© si estoy viendo un sketch de comedia o un debate presidencial,2025-11-11T09:36:35Z,154,5
@jessss5410,KAISER Y NADA MAS!!!,2025-11-11T09:34:59Z,31,2
@elgatodelpapadebulma,1:53:12 como dirÃ­a el bichi Borghi: COOOMOOO?,2025-11-11T09:21:17Z,32,0
@legadoclancl,PARISI! ğŸ‡¨ğŸ‡±ğŸ‡¨ğŸ‡±ğŸ‡¨ğŸ‡±ğŸ‡¨ğŸ‡±,2025-11-11T09:19:11Z,13,0
@davidbriceno3892,Grande Jara!!!,2025-11-11T08:49:22Z,8,1
@Rockarnold,KAST PRESIDENTE ğŸ’ªğŸ»ğŸ‡¨ğŸ‡±ğŸ–ğŸ»ğŸ‡¨ğŸ‡±,2025-11-11T08:40:44Z,8,1
@abadonsenshu5798,"1:48:00 el problema de aborto no pasa por sÃ­ es legal o ilegal , pasa por quien lo pagarÃ¡",2025-11-11T08:37:33Z,15,0
@TheValparaiso29,El Salvador lo logro de ser el pais mas peligroso del mundo ahora es un pais seguro!! Con mano dura. Vamos Kast !!!,2025-11-11T08:23:26Z,5,1
@claudiaalvarez-tv9fc,Johannes Kaiser Presidente sin pensarlo dos veces,2025-11-11T08:22:00Z,17,0
@claudiaalvarez-tv9fc,"Los que ofrecen todo gratis y sin esfuerzo, sin autoridad, con aborto libre, sÃ³lo lo hacen para ganar votos.
Los que dicen las cosas como son aunque no sean populares, tienen razÃ³n.
No va a ser fÃ¡cil, ni rÃ¡pido, nuestro paÃ­s estÃ¡ dividido por ideologÃ­a e ignorancia 
Los que tuvieron su oportunidad, no lucharon contra el narcotrÃ¡fico, violencia, educaciÃ³n ni listas de espera.
Ahora mano dura, a subir al paÃ­s con aumento econÃ³mico (igual como lo estÃ¡ haciendo Milei en Argentina) y que dejen trabajar.",2025-11-11T08:21:19Z,18,5
@SAOTOMOTO,meo que manera de peinar la muÃ±eca weon,2025-11-11T08:19:38Z,88,3
@luissferr,Chantisi ğŸ˜‚ğŸ˜‚ğŸ˜‚ğŸ˜‚,2025-11-11T08:07:28Z,14,1
@ViktorReznov-r5z,SÃ³lido Kast ğŸ«¶,2025-11-11T08:02:29Z,7,1
@penchu.r7930,Oye Kastizo el que abrio la Frontera fue tu difunto PiraÃ±a. Los Chilenos no nos olvidamos de ESO.,2025-11-11T07:30:21Z,16,3
@penchu.r7930,A Kast lo peina una lengua de vaca ğŸ˜‚ğŸ˜‚,2025-11-11T07:29:02Z,33,1
@penchu.r7930,Alfinal el Unico cuerdo es Ominami.,2025-11-11T07:28:19Z,0,0
@penchu.r7930,"Kaiser, A LA ESCUELA !!",2025-11-11T07:27:45Z,3,4
@penchu.r7930,Ya sabemos el mas CHANTA es Kaiser. Esa cosa tiene que  ir a la Escuela primero. Y Kast vale hongo. Mejor la corre Camino.,2025-11-11T07:27:07Z,5,1
@RodrigoPinto-b5n,"POBRE MI PAIS, VEO QUE ESTA PERDIDO...CON ESTOS CHANTAS DE CANDIDATOS...NO VEO UN LIDER QUE REALMENTE QUIERA CAMBIAR Y RECUPERAR NUESTRO PAÃS, EL CAPITAL HUMANO ES MUY MALO....SALUDOS DESDE ESPAÃ‘A",2025-11-11T06:41:58Z,3,1
@xlkiwereyphjdz1922,La marxista se terminÃ³ de hundir. Hasta su camarada artÃ©s va a sacar mÃ¡s votos que ella.,2025-11-11T06:33:01Z,10,0
@arriagadapau,jajajaj ArtÃ©s es como el bloque de comedia del debate ğŸ˜†,2025-11-11T06:24:53Z,67,5
@alexanderalexander8579,Kaiser presidente,2025-11-11T06:07:37Z,28,0
@leonardoalarcon7029,"JAMONES KAISER ES IGUAL QUE BORRIX PERO CON CORBATA, VAMOS HEMAN",2025-11-11T06:06:47Z,4,0
@carlos.mestizo,"Independiente de los candidatos, quiÃ©n en su sano juicio votarÃ­a jara continuar el gobierno de boric manteniendo los mismos politicos en el poder.
Con el actual gobierno Chile es mas inseguro y mas pobre; necesitamos que el nuevo presidente sea honrado, tenga firmeza, ponga orden, se preocupe del bienestar de los chilenos y que sea todo lo contrario al actual gobierno corrupto e incompetente.
Derechamente espero que los politicos de izquierda sufran la peor derrota de la historia porque ya han ganado bastante millones a costa de arruinarnos la vida.",2025-11-11T06:05:15Z,35,5
@MgBrCH2CH3,Meo que chanta.. dice que los otros mientes y el se manda sendas mentiras por ej cuando habla de las AFPs.. se dice de izquierda y en temas de energÃ­a propone lo mismo y de la misma manera que lo dice Trumpâ€¦,2025-11-11T06:02:58Z,27,1
@leagueofplaysizikl1046,"KAISER PRESIDENTE, SOLIDO, DEJÃ“ A JARA CON CAGAERA",2025-11-11T06:00:24Z,24,0
@fernigriffero,01:53:15,2025-11-11T06:00:05Z,7,1
@victorf8242,3:25:26 LEL,2025-11-11T05:53:43Z,3,1
@estebancasilla7938,Periodistas  como que estan en su pega,2025-11-11T05:43:33Z,1,0
@Sebacreative27,"Los mejores momentos del debate ;D : 

1:40:12 Kast interpela a Jara sobre la billetera fiscal - 1:53:13  Mayne-Nicholls tira una talla buena - 1:56:53 Parisi les dice hijitos de papa a los candidatos -  2:09:05 Matamala hace enojar a Artes - 2:49:10 Matthei sospecha que MEO miente -2:40:54 Artes tiene su primera idea lÃ³gica respecto al salario mÃ­nimo (Kast queda sorprendido, yo igual) - 3:08:43 Jara habla de los detenidos desaparecidos - 3:55:48 Kaiser regala una flor a Matthei y se pega un discurso final  - Bonus: Ominami Observando como psicÃ³pata a los candidatos (Muestreo de 3 momentos) 1:39:40 - 2:44:54 -2:58:56 (Me dio como miedito).",2025-11-11T05:37:19Z,27,0
@loretocea1,HMN vive en una dimension paralela,2025-11-11T05:35:43Z,25,1
@erickyonatanmamanitupa644,Parisi ganaraaaa ğŸ‰ğŸ‰,2025-11-11T05:33:55Z,12,0
@walterrojaschavez8101,Matamala de lleno abordando los temas de la Agenda  2030 (lo Ãºnico que le interesa a los amos y seÃ±ores de este siniestro sistema),2025-11-11T05:33:52Z,16,0
@feliciachoque-ez4lw,KAISER PRESIDENTE,2025-11-11T05:25:57Z,27,0
@AZ-ee4jt,Si los comunistas supieran de economÃ­a no serian comunistas,2025-11-11T05:25:36Z,69,5
@marcoLl-m3c,Kast â¤,2025-11-11T05:22:43Z,8,1
@paciflora9137,KAST GANA!  es el Ãºnico que no parece un CHISTE! una mentira o un SQUETCH de esos que les gusta hacer en esos programas RASCAS!!!! DespuÃ©s le sigue KÃISER muy bien y luego Mathey lo demÃ¡s estÃ¡ de MÃS ğŸ‰,2025-11-11T05:19:41Z,12,3
@danielacuellojuica6499,Esa gente que vota por kaiser todo bien en su cabecita?,2025-11-11T05:17:20Z,12,2
@EmBas-g3d,Jara <3,2025-11-11T05:16:07Z,8,5
@feliciachoque-ez4lw,"Que bueno que ahora sigan hablando del cerro chuÃ±o, gracias a KAISER fue el Ãºnico candidato que estuvo en el terreno",2025-11-11T05:14:55Z,31,2
@dresan332,1:50:01 Momento de la clase de economÃ­a bÃ¡sica de ArtÃ©s a Jara,2025-11-11T05:08:38Z,102,5
@feliciachoque-ez4lw,KÃISER PRESIDENTE,2025-11-11T05:05:11Z,46,2
@voypormicambio3688,Parisi sÃºper coherente para sus respuestas,2025-11-11T05:02:48Z,19,0
@robinzonmaechel4939,Parisi dÃ¡ndole clases,2025-11-11T04:58:36Z,8,1
@onirico11,Kaiser GanÃ³ por paliza â­ğŸ‡¨ğŸ‡±ğŸ˜ğŸ’ª,2025-11-11T04:49:05Z,56,5
@marcelofuentes8248,los periodistas creeran que por interrumpir a cada momento estarÃ¡n haciendo un mejor trabajo?? que horrible locoooooo,2025-11-11T04:37:06Z,78,5
@SANDROMISTICO,Kaiser ğŸ˜Š,2025-11-11T04:35:06Z,64,5
@Francisco17Berrios,KÃ¡iser 2026!,2025-11-11T04:27:37Z,70,5
